3866 3386 2
0.0 63.27077748
0.45459844 63.78948595
0.33803474 64.62000233
0.9791351 65.39223686
1.68684329 65.67948312
2.14477212 65.91677352
1.79508101 66.49959203
1.51532813 67.4495862
2.05318635 68.32714436
2.22248125 69.27769359
2.72759063 69.94793488
3.42697284 70.42390333
4.12635505 70.90958542
4.82573727 71.31755838
5.52511948 71.50211757
6.22450169 71.59925399
6.9238839 71.92951781
7.62326611 72.47348176
8.32264833 72.55119089
9.06366043 72.43185186
9.51742627 72.63375685
9.60484905 73.33313906
9.60484905 73.95966896
9.62982699 74.92964548
9.76026732 76.01896103
9.85740374 76.8251933
9.85740374 77.50514823
9.93511287 78.34052143
9.95454016 78.88448537
9.99339472 79.75871314
9.84963282 80.71453549
9.48828535 81.50716867
9.25515794 82.1871236
8.55577573 82.54652834
8.24771452 83.23064626
8.14780277 84.47954307
8.90546684 85.0429343
9.64647894 85.19557724
10.12938571 85.48199091
9.83797645 86.30570774
9.13859424 86.3445623
8.43921203 86.43198508
8.41978475 87.4972478
9.13859424 88.00559506
9.83797645 88.03473598
10.53735867 88.03473598
11.23674088 88.03473598
11.93612309 88.12215876
12.66464623 88.44270894
13.33488752 88.57869993
14.03426973 88.90896375
14.77528183 89.25865485
15.28150134 88.78074368
15.491316 88.18044061
15.63119245 87.45191747
15.95757081 87.13136729
16.59867117 86.9468081
17.29805339 86.58740335
17.9974356 86.42227144
18.69681781 86.66511248
19.39620002 86.96623538
20.09558224 87.18964914
20.79496445 87.41306291
21.49434666 87.7141858
22.2228698 88.16587015
22.77654738 88.8506819
23.46135913 89.41164471
24.05874811 90.09402805
24.2169417 90.67407124
24.64156662 90.68656021
23.4759296 90.94882853
22.77654738 91.19166958
22.39188717 91.7064926
22.15875976 92.41753118
22.1820725 93.30341532
22.25201072 94.09604849
21.61091036 94.49430781
21.12522827 95.09979148
21.84403777 95.37824921
22.54341998 95.26168551
23.24280219 95.08683996
23.9421844 94.84399891
24.64156662 94.62058515
25.34094883 94.57201694
26.04033104 94.89256712
26.73971325 95.25197187
27.43909547 95.48509927
28.13847768 95.66965847
28.83785989 95.9319268
29.5372421 96.4661771
30.23662432 96.8838637
30.97763642 97.17666062
31.52715102 97.85106489
31.86851614 98.7877375
32.56789836 98.89458756
33.15071687 98.46718732
33.26728057 97.61238684
33.50040797 97.0004274
34.19979019 96.61188173
34.60776314 96.31075883
34.68547228 95.95718227
34.6244151 95.23670757
34.25807204 94.46905234
34.02494463 93.56818144
33.93169367 92.55740762
34.18521972 91.73563352
34.60776314 90.9876831
35.00741012 90.10790468
35.42370906 89.68119827
36.06480942 89.45292769
36.76419163 89.2683685
37.46357384 89.34607763
38.16295606 89.64720053
38.86233827 89.92889614
39.56172048 90.23001904
40.26110269 90.56028286
40.96048491 90.90997397
41.65986712 91.0556786
42.35924933 91.06539224
43.05863154 91.14310137
43.75801375 91.08481952
44.35248864 91.33348875
44.17764308 92.27765474
44.92365078 92.61957493
45.62303299 92.50301123
46.3224152 92.64871586
47.02179741 92.74585227
47.72117962 92.5418658
48.42056184 92.21160197
49.11994405 92.1241792
49.81932626 92.36702024
50.51870847 92.38644753
51.21809069 91.97847457
51.9174729 91.97847457
52.61685511 92.26988382
53.30791134 92.70561004
53.60764658 93.44329176
53.66592843 94.12518942
53.95733769 94.87313984
54.36531064 95.66965847
54.81699499 96.40546684
55.41438396 97.14613203
56.11376617 97.15584567
56.47178326 96.52723428
56.87143024 95.91249951
57.22112134 95.13346544
57.3959669 94.38745775
57.57081245 93.80463924
57.92050356 93.12468431
58.32847651 92.5418658
59.02785872 91.97847457
59.72724094 91.48307884
60.27509034 90.87889031
60.31005945 90.24944632
60.34502856 89.59668959
59.91374286 88.75160275
60.19349575 87.94731321
60.89287796 87.50048568
61.59226017 87.07308544
62.29164238 86.71368069
62.99102459 86.42227144
63.69040681 86.20857132
64.38978902 85.9812721
64.33150717 85.12064343
65.26401679 84.77095233
65.90511715 85.36348448
66.60449936 85.37319812
67.30388157 85.28577534
68.00326378 85.159498
68.702646 84.99436609
69.40202821 84.80980689
70.10141042 84.59610677
70.80079263 84.33383844
71.50017485 84.01328826
72.19955706 83.63445623
72.89893927 83.35276062
73.59832148 83.12934685
74.2977037 82.77965575
74.84166764 82.13855539
75.13307689 81.54602324
75.11364961 80.59651475
74.75563252 80.01681848
75.81303182 80.39009986
76.51241403 80.73979096
77.21179625 80.86606831
77.91117846 80.89520923
78.61056067 80.72036368
79.30994288 80.43866807
80.0093251 80.16668609
80.70870731 80.05983603
81.40808952 80.00155418
82.10747173 79.84613591
82.80685395 79.58386758
83.50623616 79.4478766
84.20561837 79.40902203
84.90500058 79.40902203
85.6043828 79.32159925
86.30376501 79.1467537
87.00314722 78.94276722
87.70252943 78.67078525
88.40191164 78.29195322
89.10129386 77.85483934
89.80067607 77.36915724
90.50005828 76.84462059
91.19944049 76.20352022
91.89882271 75.5235653
92.59820492 74.96988771
93.29758713 74.52306019
93.99696934 73.99852353
94.69635156 73.51284143
95.39573377 73.27000039
96.09511598 73.12429576
96.79449819 73.11458212
97.49388041 73.11458212
98.19326262 72.87174107
98.73722656 72.23064071
99.06749038 71.49240393
99.24233594 70.28062711
99.41718149 69.26797995
99.65030889 68.545285
99.86400901 67.75265182
100.0 67.01441504
99.95337452 66.19069822
99.86678434 65.20490234
99.65030889 64.2790535
99.43660877 63.4980767
98.98978125 62.5785186
98.45136796 61.94111868
97.66872596 61.08909352
96.99848467 60.33628628
96.44480709 59.71947002
95.74542487 59.09779695
95.04604266 58.56354664
94.4049423 57.87387807
93.99696934 57.19635156
93.53071454 56.43140226
93.07278571 55.6716567
92.70644264 54.95562253
92.21613501 54.14060173
91.60741345 53.53188017
90.84974939 53.04619808
90.15036718 52.62851148
89.52591877 51.99990009
89.15957571 51.0549015
89.04301201 50.11267825
89.10129386 49.36472782
89.10129386 48.66534561
89.06632475 47.90185336
89.17900299 46.95574465
89.27613941 46.18836694
89.25671213 45.26557097
89.05966396 44.23176194
88.78657186 43.34421261
88.5767572 42.34905001
88.42688958 40.98463024
88.31448887 40.18533629
87.81909313 39.83564518
87.3611643 39.12793699
87.06142907 38.19542737
86.94486537 37.44608929
86.89823989 36.74670708
86.71173796 35.96573027
86.39118778 35.21680849
85.85208066 34.49557058
85.37125539 33.79618837
84.8855733 33.03609589
84.34160936 32.3172864
83.85592726 31.61790418
83.44795431 30.64168318
83.23425419 29.47118934
82.69029024 29.03407546
81.99090803 28.65524342
81.36645963 27.99610344
80.95016069 27.27174329
80.2424525 27.04277888
79.54307029 27.0719198
78.84368808 27.0719198
78.14430586 27.0719198
77.44492365 27.04277888
76.74554144 26.91650153
76.04615923 26.8387924
75.34677701 26.80965147
74.6473948 26.50852858
73.88973074 25.87714186
73.30691223 25.27246765
72.54924816 25.19718693
71.84986595 25.07090959
71.15048374 24.90577767
70.45110153 24.6337957
69.75171931 24.24525003
69.0523371 23.7498543
68.35295489 23.18646307
67.65357268 22.58421727
66.95419047 21.98197148
66.25480825 21.30201655
65.66366376 20.54435249
65.29315771 19.72112134
65.26401679 18.78424059
65.17076582 17.96829467
65.32229864 17.04744143
65.32229864 16.17321366
65.14745308 15.18970743
65.08917123 14.20620119
64.89767372 13.39233677
64.27322532 12.84143451
63.57384311 12.27804328
63.00559506 11.53252127
62.52476979 10.7967129
62.11679683 10.02447838
61.76710572 9.31538252
61.41741462 8.52857753
61.06772351 7.74177255
60.64032327 6.8804963
60.07693204 6.00885884
59.49411353 5.40078486
58.79473132 4.8762482
58.09534911 4.41970704
57.3959669 3.90488402
57.04627579 3.26378366
56.73543925 2.41869682
56.28861173 1.4861872
55.78350235 0.72852314
55.06469285 0.13599099
54.36531064 0.0
54.16456204 0.99402935
54.36531064 2.01072386
54.12385726 2.76838792
53.66592843 3.43134398
53.25795547 4.14772507
52.61685511 4.67226172
51.9174729 5.19679838
51.21809069 5.68248048
50.51870847 5.97388973
50.11073552 6.46928546
49.46963516 6.69269923
48.77025294 6.46928546
48.50215643 7.05793216
47.95430703 7.78062711
47.25492482 8.37315926
46.5555426 8.64514124
45.85616039 8.48000933
45.20340366 8.65485488
45.83673311 9.33480981
46.4389789 10.19932393
47.00237013 10.92784707
47.47972624 11.68551113
48.04172981 12.37760811
48.62871131 13.17586132
49.35307145 13.95850332
50.05245367 14.61903097
50.75183588 15.15328127
51.45121809 15.59039515
52.1506003 15.99836811
52.84998252 16.49376384
53.35786722 17.12237524
53.54936473 17.92166919
53.58433384 18.63270777
53.4444574 19.53024828
53.18801725 20.28791234
52.61685511 20.7094844
51.95244201 20.70754167
51.6001606 21.37324993
51.97575475 22.44822629
52.0340366 23.22531764
52.0340366 24.01212263
51.8009092 24.76978669
51.10152698 24.95434588
50.40214477 24.66293663
49.76104441 24.55122975
49.34474547 24.92381729
49.10051677 25.86742822
48.96841124 26.73388507
48.9450985 27.42161091
48.76192696 28.18760095
48.36227999 28.92528267
47.72117962 29.38376656
47.02179741 29.37405292
46.3224152 29.06321638
45.62303299 29.05350274
44.92365078 29.05350274
44.22426856 29.13121187
43.52488635 29.30605743
43.25678984 29.90441776
43.28010258 30.82527101
43.19462253 31.86074523
42.98369773 32.85014904
42.80607685 33.97508127
43.2334771 34.47371489
43.00034969 34.98659517
42.85788294 35.95018844
43.25012905 36.98816046
43.4666045 37.99393869
43.53654272 38.77491549
43.4666045 39.42767222
43.4666045 39.85895792
43.13634068 40.52531375
42.59237673 41.16641411
41.89299452 41.66180985
41.50444885 42.30291021
41.58215798 43.42969266
41.19361231 44.11936123
40.4942301 44.19707037
39.79484788 44.09022031
39.09546567 44.08050666
38.39608346 43.99308389
37.69670125 43.9736566
36.99731903 43.88623383
36.83912544 44.08189433
36.65595391 45.0310559
36.58934608 45.83867584
36.18137312 46.10094417
35.86082294 46.9678867
35.83168201 47.76197692
35.94824572 48.28651358
35.7967129 49.04417764
35.83168201 49.80184171
35.2488635 50.35551929
34.54948129 50.8217741
33.85009908 50.96747873
33.15071687 50.88005595
32.45133465 51.00633329
31.75195244 51.3560244
31.05257023 51.76399736
30.35318802 52.01655205
29.71208766 52.08940436
29.27497377 52.38081361
28.60473249 52.8422116
27.90535027 52.97820259
27.20596806 52.99762987
26.50658585 52.94906166
25.80720364 53.06562536
25.10782142 53.46388468
24.40843921 53.98842134
23.72071337 54.42942068
23.35103991 54.90566666
22.97470568 55.64168318
22.95139294 56.40711816
22.8736838 57.19392315
22.71826553 58.34741811
22.83482923 59.40669076
22.19372887 59.70975638
21.49434666 59.68061546
20.79496445 59.52519719
20.09558224 59.29206978
19.39620002 58.99094689
18.69681781 58.51497844
18.07903019 57.69903252
17.38963915 57.09539906
16.71523488 56.61110464
16.01585266 56.33912266
15.31647045 55.93114971
14.61708824 55.59117224
13.91770603 55.51346311
13.21832381 55.51346311
12.5189416 55.51346311
11.81955939 55.51346311
11.12017718 55.47460854
10.42079496 55.26090842
9.70684229 55.39689941
9.52325446 56.3760345
9.37172165 57.14535494
9.41057621 58.03900999
9.5465672 59.06865602
9.06366043 58.98539623
8.32264833 58.56354664
7.62326611 57.92244628
6.9238839 57.53390061
6.22450169 57.38819598
5.56008859 57.37848234
5.10049456 57.80310726
4.47604616 58.39841473
3.77666395 58.54411936
3.07728173 58.54411936
2.39732681 58.61535273
2.72759063 59.60290632
2.26133582 60.44799316
1.56195361 61.01138439
0.83759346 61.59142757
0.27975288 62.27415783
0.13987644 62.77246765
0.22729922 63.53013172
0.39631659 64.20474414
0.65858492 65.00611959
1.33298919 65.53585999
1.9158077 65.79812832
1.96992656 66.20818277
1.65520457 66.97458911
1.78425724 67.88836528
2.1378338 68.80241897
2.47503594 69.61281424
3.07728173 70.1859191
3.77666395 70.66674438
4.47604616 71.1135719
5.17542837 71.40983798
5.87481058 71.55068578
6.5741928 71.7643859
7.27357501 72.20149979
7.97295722 72.51233633
8.69315438 72.49152138
9.29054335 72.53280436
9.56113766 72.98344795
9.60484905 73.64640401
9.61733802 74.44465722
9.69504715 75.47430325
9.80883553 76.42207717
9.85740374 77.16517077
9.89625831 77.92283483
9.94482651 78.6125034
9.97396744 79.32159925
9.92151377 80.23662431
9.66895909 81.11085208
9.37172165 81.84714613
8.90546684 82.36682597
8.40174513 82.8885873
8.19775865 83.85509467
8.52663481 84.76123868
9.27597289 85.11925577
9.88793233 85.33878407
9.98368108 85.89384932
9.48828535 86.32513502
8.78890314 86.38827369
8.42949839 86.96461644
8.77918949 87.75142143
9.48828535 88.02016552
10.18766756 88.03473598
10.88704977 88.03473598
11.58643198 88.07844737
12.30038466 88.28243385
12.99976687 88.51070443
13.68457862 88.74383184
14.40477578 89.0838093
15.02839159 89.01969927
15.38640867 88.48059214
15.56125423 87.81617904
15.79438163 87.29164238
16.27812099 87.03908769
16.94836228 86.76710572
17.64774449 86.50483739
18.3471267 86.54369196
19.04650892 86.81567393
19.74589113 87.07794226
20.44527334 87.30135602
21.14465555 87.56362435
21.85860823 87.94002798
22.49970859 88.50827602
23.11895326 89.13116331
23.76005362 89.75283638
24.1378449 90.38404965
24.42925416 90.68031572
24.05874811 90.81769437
23.12623849 91.07024906
22.58421727 91.44908109
22.27532346 92.06201189
22.17041613 92.86047325
22.21704161 93.6997319
21.93146054 94.29517815
21.36806932 94.79704964
21.48463302 95.23902035
22.19372887 95.31996736
22.89311109 95.17426273
23.5924933 94.96541943
24.29187551 94.73229203
24.99125772 94.59630105
25.69063993 94.73229203
26.39002215 95.0722695
27.08940436 95.36853557
27.78878657 95.57737887
28.48816878 95.80079263
29.187551 96.19905195
29.88693321 96.6750204
30.60713037 97.03026216
31.25239372 97.51386275
31.69783358 98.3194012
32.21820725 98.84116253
32.85930761 98.68088744
33.20899872 98.03978708
33.38384427 97.30640712
33.85009908 96.80615456
34.40377666 96.46132028
34.64661771 96.13397055
34.65494369 95.59694492
34.44124357 94.85287996
34.14150833 94.01861689
33.97831915 93.06279453
34.0584567 92.14652057
34.39649143 91.36165831
34.80758663 90.54779389
35.21555959 89.89455148
35.74425924 89.56706298
36.41450052 89.36064809
37.11388274 89.30722306
37.81326495 89.49663908
38.51264716 89.78804834
39.21202937 90.07945759
39.91141159 90.39515095
40.6107938 90.73512841
41.31017601 90.98282628
42.00955822 91.06053542
42.70894044 91.1042468
43.40832265 91.11396045
44.05525119 91.20915414
44.26506586 91.80557175
44.55064693 92.44861483
45.27334188 92.56129308
45.97272409 92.57586354
46.67210631 92.69728407
47.37148852 92.64385904
48.07087073 92.37673388
48.77025294 92.16789059
49.46963516 92.24559972
50.16901737 92.37673389
50.86839958 92.18246105
51.56778179 91.97847457
52.26716401 92.1241792
52.96238323 92.48774693
53.45777896 93.0744509
53.6367875 93.78424059
53.81163306 94.49916463
54.16132416 95.27139915
54.59115282 96.03756265
55.11568947 96.77579943
55.76407507 97.15098885
56.29277472 96.84153997
56.67160675 96.2198669
57.04627579 95.52298248
57.30854412 94.76046159
57.48338967 94.09604849
57.745658 93.46466177
58.12449003 92.83327505
58.67816762 92.26017018
59.37754983 91.7307767
60.00116564 91.18098457
60.29257489 90.56416832
60.327544 89.92306796
60.12938571 89.17414617
60.0536193 88.34945798
60.54318685 87.72389944
61.24256906 87.28678556
61.94195128 86.89338307
62.64133349 86.56797607
63.3407157 86.31542138
64.04009791 86.09492171
64.36064809 85.55095776
64.79776198 84.94579788
65.58456697 85.0672184
66.25480825 85.3683413
66.95419046 85.32948673
67.65357268 85.22263667
68.35295489 85.07693204
69.0523371 84.90208649
69.75171931 84.70295683
70.45110153 84.46497261
71.15048374 84.17356335
71.84986595 83.82387225
72.54924816 83.49360842
73.24863038 83.24105374
73.94801259 82.9545013
74.56968567 82.45910557
74.98737227 81.84228931
75.12336325 81.07126899
74.93464107 80.30666661
75.28433217 80.20345917
76.16272293 80.56494541
76.86210514 80.80292963
77.56148735 80.88063877
78.26086957 80.80778646
78.96025178 80.57951587
79.65963399 80.30267708
80.3590162 80.11326106
81.05839841 80.03069511
81.75778063 79.92384505
82.45716284 79.71500175
83.15654505 79.51587209
83.85592726 79.42844931
84.55530948 79.40902203
85.25469169 79.36531064
85.9540739 79.23417648
86.65345611 79.04476046
87.35283833 78.80677624
88.05222054 78.48136924
88.75160275 78.07339628
89.45098496 77.61199829
90.15036718 77.10688891
90.84974939 76.5240704
91.5491316 75.86354276
92.24851381 75.2467265
92.94789603 74.74647395
93.64727824 74.26079186
94.34666045 73.75568248
95.04604266 73.39142091
95.74542487 73.19714807
96.44480709 73.11943894
97.1441893 73.11458212
97.84357151 72.9931616
98.46524459 72.55119089
98.90235847 71.86152232
99.15491316 70.88651552
99.32975871 69.77430353
99.53374519 68.90663247
99.75715895 68.14896841
99.93200451 67.38353343
99.97668726 66.60255663
99.91007943 65.69780028
99.75854662 64.74197792
99.54345883 63.8885651
99.21319501 63.03829765
98.7205746 62.25981864
98.06004696 61.5151061
97.33360532 60.7126899
96.72164588 60.02787815
96.09511598 59.40863348
95.39573377 58.8306718
94.72549248 58.21871236
94.20095582 57.53511482
93.76384194 56.81387691
93.30175012 56.05152948
92.88961417 55.31363962
92.46128882 54.54811213
91.91177423 53.83624095
91.22858142 53.28903913
90.50005828 52.83735478
89.83814297 52.31420578
89.34274724 51.5274008
89.10129386 50.58378987
89.07215293 49.73870303
89.10129386 49.01503672
89.0838093 48.28359949
89.12266387 47.42879901
89.2275712 46.57205579
89.26642577 45.72696896
89.15818804 44.74866646
88.92311791 43.78798728
88.68166453 42.84663131
88.50182339 41.66684012
88.37068922 40.58498326
88.066791 40.01049073
87.59012872 39.48179108
87.21129669 38.66168218
87.00314722 37.82075833
86.92155263 37.09639818
86.80498893 36.35621867
86.55146287 35.59126938
86.12163422 34.85618953
85.61166803 34.14587947
85.12841434 33.41614213
84.61359133 32.67669114
84.09876831 31.96759529
83.65194079 31.12979368
83.34110425 30.05643626
82.96227221 29.2526324
82.34059914 28.84465944
81.67868383 28.32567343
81.15831016 27.63392337
80.5963066 27.15726109
79.89276139 27.05734934
79.19337918 27.0719198
78.49399697 27.0719198
77.79461476 27.05734934
77.09523254 26.97964021
76.39585033 26.87764697
75.69646812 26.82422194
74.99708591 26.65909003
74.26856277 26.19283522
73.59832148 25.57480476
72.9280802 25.23482729
72.19955706 25.13404826
71.50017485 24.98834363
70.80079263 24.76978669
70.10141042 24.43952287
69.40202821 23.99755216
68.702646 23.46815868
68.00326378 22.88534017
67.30388157 22.28309438
66.60449936 21.64199402
65.95923601 20.92318452
65.47841074 20.13273692
65.27858725 19.25268096
65.2173913 18.37626763
65.24653223 17.50786805
65.32229864 16.61032754
65.23487586 15.68146054
65.11831216 14.69795431
64.99342248 13.79926898
64.58544952 13.11688564
63.92353421 12.5597389
63.28971908 11.90528228
62.76518242 11.16461709
62.32078331 10.41059564
61.94195128 9.66993045
61.59226017 8.92198003
61.24256906 8.13517504
60.85402339 7.31113442
60.35862766 6.44467757
59.78552279 5.70482185
59.14442243 5.13851653
58.44504021 4.64797762
57.745658 4.16229553
57.22112134 3.58433384
56.89085752 2.84124024
56.51202549 1.95244201
56.03605704 1.10735517
55.4240976 0.43225706
54.71500175 0.06799549
54.26493634 0.49701467
54.26493634 1.5023766
54.24458395 2.38955589
53.89489284 3.09986595
53.46194195 3.78953452
52.93740529 4.40999339
52.26716401 4.93453005
51.56778179 5.43963943
50.86839958 5.8281851
50.314722 6.2215876
49.79018534 6.58099235
49.11994405 6.58099235
48.63620469 6.76360881
48.22823173 7.41927964
47.60461592 8.07689319
46.90523371 8.50915025
46.2058515 8.56257528
45.52978203 8.5674321
45.52006838 8.99483234
46.137856 9.76706687
46.72067452 10.5635855
47.24104819 11.3066791
47.76072802 12.03155962
48.33522056 12.77673472
48.99089138 13.56718232
49.70276256 14.28876714
50.40214477 14.88615612
51.10152698 15.37183821
51.8009092 15.79438163
52.50029141 16.24606598
53.10392487 16.80806954
53.45361597 17.52202221
53.56684928 18.27718848
53.51439562 19.08147803
53.31623732 19.90908031
52.90243618 20.49869837
52.28464856 20.70851304
51.7763013 21.0403958
51.78795767 21.91073811
52.00489568 22.83677196
52.0340366 23.61872013
51.9174729 24.39095466
51.45121809 24.86206629
50.75183588 24.80864126
50.08159459 24.60708319
49.55289494 24.73752352
49.22263112 25.39562276
49.034464 26.30065664
48.95675487 27.07774799
48.85351273 27.80460593
48.56210348 28.55644181
48.04172981 29.15452461
47.37148852 29.37890974
46.67210631 29.21863465
45.97272409 29.05835956
45.27334188 29.05350274
44.57395967 29.09235731
43.87457746 29.21863465
43.39083809 29.6052376
43.26844621 30.36484439
43.23736255 31.34300812
43.08916013 32.35544713
42.89488729 33.41261515
43.01977697 34.22439808
43.11691339 34.73015503
42.92911632 35.46839181
43.054006 36.46917445
43.35836678 37.49104957
43.50157361 38.38442709
43.50157361 39.10129386
43.4666045 39.64331507
43.30147259 40.19213584
42.86435871 40.84586393
42.24268563 41.41411198
41.69872168 41.98236003
41.54330342 42.86630143
41.38788515 43.77452695
40.8439212 44.1582158
40.14453899 44.14364534
39.44515678 44.08536348
38.74577457 44.03679528
38.04639235 43.98337025
37.34701014 43.92994522
36.91822224 43.98406408
36.74753967 44.55647511
36.62264999 45.43486587
36.3853596 45.96981
36.02109803 46.53441543
35.84625248 47.36493181
35.88996387 48.02424525
35.87247931 48.66534561
35.81419746 49.42300967
35.54027276 50.0786805
34.8991724 50.5886467
34.19979019 50.89462641
33.50040797 50.92376734
32.80102576 50.94319462
32.10164355 51.18117885
31.40226134 51.56001088
30.70287912 51.8902747
30.03263784 52.0529782
29.49353071 52.23510899
28.93985313 52.61151261
28.25504138 52.91020709
27.55565917 52.98791623
26.85627696 52.97334577
26.15689474 53.00734351
25.45751253 53.26475502
24.75813032 53.72615301
24.06457629 54.20892101
23.53587664 54.66754367
23.1628728 55.27367492
22.96304931 56.02440067
22.91253837 56.80052065
22.79597467 57.77067063
22.77654738 58.87705444
22.51427905 59.55822357
21.84403777 59.69518592
21.14465555 59.60290632
20.44527334 59.40863348
19.74589113 59.14150833
19.04650892 58.75296266
18.387924 58.10700548
17.73433467 57.39721579
17.05243701 56.85325185
16.36554377 56.47511365
15.66616156 56.13513619
14.96677934 55.76116097
14.26739713 55.55231767
13.56801492 55.51346311
12.86863271 55.51346311
12.1692505 55.51346311
11.46986828 55.49403582
10.77048607 55.36775848
10.06381863 55.32890391
9.61504837 55.88646695
9.44748805 56.76069472
9.39114893 57.59218246
9.47857171 58.553833
9.30511382 59.02702613
8.69315438 58.77447144
7.97295722 58.24299646
7.27357501 57.72817345
6.5741928 57.4610483
5.89229514 57.38333916
5.33029158 57.5907948
4.78827036 58.10076099
4.12635505 58.47126705
3.42697284 58.54411936
2.73730427 58.57973605
2.56245872 59.10912953
2.49446322 60.02544974
1.91164471 60.72968878
1.19977353 61.30140598
0.55867317 61.9327927
24.18319051 91.961983
56.8136407 33.53610131
53.08051406 28.36511731
56.36382991 27.42951836
17.92430051 85.71670137
18.45913506 85.77698736
55.56115159 18.22226701
58.54457688 6.65647986
61.37340866 9.03211873
61.37970135 9.3387038
29.69027082 61.93941966
36.82339373 60.75203766
30.07401889 67.40013178
46.21533492 89.15891621
85.84656582 42.52117912
80.9175895 33.0926739
44.41799916 40.80686063
42.51681724 88.89639703
50.44086862 90.09342887
54.69547384 3.21743145
55.49167787 3.21716434
2.83589082 63.64504169
5.30510665 63.38172854
2.9417654 67.34496976
36.44686628 52.41946941
35.0191212 51.57683638
35.62817196 50.87514184
11.40220815 56.15863294
10.23385637 59.87832934
43.62252781 44.14005521
43.9677299 41.26135344
67.89103365 67.96479863
69.75010434 58.3803669
73.87416932 67.98458609
74.25485946 60.27693977
81.78143515 31.2324721
55.86069226 2.93203171
56.16495982 2.64216599
63.86852998 14.03910768
62.82557583 15.03629298
11.45735084 63.36776753
6.88087415 64.82748647
8.28459579 62.50232326
5.46308577 65.77402465
7.69774425 67.56839907
79.63981883 79.59429391
77.34563142 77.09597116
80.40133732 76.26721224
36.85211808 46.21508478
76.71231052 78.79732831
56.50287096 4.02051647
48.15100858 87.67171596
48.41984588 90.91051165
3.77721196 69.38279977
46.98473806 92.07408226
44.89564089 89.30536941
47.33544964 92.4678765
48.02738686 88.94672648
60.4557959 86.44761958
59.43703673 87.82346351
17.70761814 58.24020029
19.37780085 60.04511788
14.08336479 56.37554501
68.06225082 83.70686632
66.51477246 78.28915198
64.89821573 83.60811226
43.74137865 88.74112371
45.03881908 90.68340806
55.45439989 94.40111586
51.01569576 28.45015866
73.70487999 27.78340737
73.72170944 27.21141802
77.22088414 32.81403123
29.52426669 53.99066687
30.61212746 54.33467519
32.65570473 54.84792743
52.73389231 22.82220914
53.9343731 20.56993539
53.04146344 21.72093657
10.92889062 85.94000443
10.50003368 86.72868074
61.1942822 23.88032191
63.28661164 17.40753274
62.06482865 17.76210257
33.18008493 88.83419321
43.12067234 88.78661179
2.20514639 64.78085274
1.25084054 64.13006193
34.21826109 89.6314949
24.75257477 89.96587663
24.91987785 89.02426366
24.13196903 89.09523637
55.52253625 6.91316937
54.80682766 2.77946245
25.90335137 90.70603297
58.67661223 91.04103475
41.94440601 87.52919031
11.09613783 78.93423537
9.99291768 86.84190839
10.54783869 83.10491052
52.24651022 13.15529576
50.44104292 13.84483031
27.04114081 53.86905873
14.15332411 55.97903462
13.1454665 57.03472875
61.13655697 8.84392775
58.48794341 5.61748481
49.67632884 28.37283056
49.59091695 27.26439048
54.22563969 19.33068838
9.72646535 81.91722125
9.11824283 83.27920504
56.89527315 91.65500514
92.44841798 57.60436094
69.66568911 83.93700376
74.50518684 81.24081453
74.58463969 81.94873579
11.26185323 87.09320353
81.04811136 79.3219469
80.01108914 79.79075866
81.44710816 79.17553259
77.33680983 75.41047794
63.49895638 13.57568861
60.85752803 8.55230599
47.23472406 90.58832862
2.81605997 66.43548347
5.34283262 59.99143305
6.35489206 58.07412632
33.90481289 95.37127359
33.91059844 95.98980113
32.80135866 96.15992469
32.04452769 97.15750271
26.80867855 91.29062351
11.49698805 80.87011195
49.66131352 31.35411443
47.50557422 30.5232348
49.15511799 29.54246717
12.02308333 86.87210039
46.45004918 88.70954086
84.99216166 35.06084808
85.62366091 36.15152827
84.28404012 37.04229807
30.99911342 52.62389812
86.29638704 37.44926946
88.80766114 53.6170488
87.75857304 50.8954627
84.56437603 34.05236168
92.8984796 72.91617103
91.56503035 73.73649386
96.82439959 60.99493742
24.58950046 57.83370393
24.91640603 59.5075974
87.97157656 48.02668704
88.33099216 46.4616284
7.65858781 71.26991232
88.34742425 49.6253109
10.30844004 86.60499908
12.47912429 86.34302015
84.11221454 35.55008867
17.32123997 83.55666911
22.08991089 87.04504317
71.61108033 25.96275864
69.07058256 25.49707018
65.47633063 23.91111361
14.71919415 88.13109331
11.27254267 84.76954238
55.40493993 96.34966757
32.15862554 52.6307587
24.4798703 61.58457838
82.79361906 31.68179153
38.07827334 46.65209186
10.29641887 77.28052654
42.30013866 89.77849206
23.08698684 60.54574592
22.00992143 60.56220898
46.12490995 46.11837839
44.83905499 56.95400837
52.67437559 21.30881528
53.38669221 22.19840037
7.45264691 70.13845166
80.22135882 79.039027
33.08414898 94.76407311
9.13278402 84.23343631
10.14566264 84.54888609
36.58345804 47.93148022
93.51982972 63.58684495
96.0290304 60.66840826
24.8323146 92.00970047
26.15843368 92.08150235
73.94724824 80.88041652
91.83748703 57.33250353
8.41267031 59.98737804
7.90665203 58.76853124
29.25217444 95.67957808
28.78408642 93.59846288
45.30906625 33.25817957
21.87050839 62.99640464
49.87601074 62.94841033
47.90361249 70.77142604
45.52765894 86.61233692
22.72098796 67.63513765
57.35912396 23.86637429
24.21423233 92.55517562
3.64924653 60.19302941
4.84590137 60.861902
55.2648781 1.59460787
38.11777437 66.0100878
58.38719322 20.6768567
60.66402053 66.53664701
51.44372541 55.52554275
65.21800493 25.51499992
64.16241067 19.84238416
23.73131531 74.06355347
13.85504202 76.056715
86.55229109 50.40631197
88.02595586 57.87249114
80.73057245 67.2626437
31.66922468 96.81078762
27.68936916 91.1903842
68.79372035 62.22423638
44.54125679 32.57837082
45.01225943 33.97868361
98.90351702 68.46076309
97.39104522 72.10991464
99.24072927 67.46600056
1.58415486 62.06063895
3.70532239 62.39148217
6.33005793 61.62622707
84.15666036 38.79018604
31.36689238 96.15030368
27.44236468 90.26483573
62.97522282 43.83460221
60.50600212 49.01025942
65.49193377 63.73504403
62.96434152 33.52361501
50.98555708 25.28199027
52.23914659 25.95018806
30.64001977 92.62430108
29.93808447 89.82440011
43.61390933 37.4137438
32.44629282 98.01147089
30.46344444 58.02683173
22.31024057 95.044625
11.22398169 55.82707786
11.66983031 87.55545334
10.97292155 87.20699987
86.23351431 48.28414207
89.9274057 52.95751976
86.57338229 54.88799586
64.38785489 21.54999085
63.70224771 15.36150891
61.97878534 11.08263917
88.84051816 65.75097356
93.61026427 68.89926217
89.20294492 68.07377825
94.44063829 67.02961284
58.62143018 17.48201931
14.77536848 56.19680966
17.69416499 64.00310036
66.60018966 83.91460964
10.09944819 57.71835399
10.51373495 56.2922193
40.51785861 46.78254076
54.21320059 19.94956956
44.30029137 29.9722773
44.33808396 31.17973714
6.11257201 70.05621349
5.28498734 67.83578704
45.98697921 87.98373434
57.97313543 76.72218274
58.22773154 83.71620928
3.64618682 65.63589679
52.00263448 10.41047902
52.21210305 14.21025474
48.46814948 11.93692464
53.35467565 9.5634262
11.43068964 71.47585048
46.12503499 92.2224086
39.29466294 87.24126924
41.39105261 89.30828356
72.05832018 51.69520451
22.4848273 94.51576942
68.4929831 30.89460757
65.59917517 75.59821135
28.6753492 94.50164342
6.29375174 59.5712403
6.53111884 58.88367718
87.22278165 77.79398023
88.27556308 76.36688386
84.18969146 71.58682758
90.34009459 71.44046045
86.85396462 39.79656015
86.60799161 44.71620419
37.64153246 44.70155129
98.93287708 67.17043463
97.49940644 68.62703418
77.03811265 80.22034944
46.11081773 29.67984574
46.77845273 90.36820361
16.42994693 82.16062174
13.16933305 80.1915393
13.2509737 85.57684703
55.37659488 92.92906518
55.68655043 95.58790132
29.58119183 88.52908621
47.75113711 88.12488213
96.01058256 64.94892162
42.35221918 88.46847112
30.40724184 73.66058753
87.05335578 41.62474414
86.91080473 40.64354455
76.83502753 31.30962702
49.60673702 26.13035606
50.25058783 25.10280525
45.79059135 30.22116622
26.92110299 56.50561912
27.58351448 54.95276377
28.65102164 54.65946266
48.82568616 53.18469504
90.28804954 53.93977328
17.82481827 59.21266499
61.45216056 9.72812904
5.35445329 58.89148061
89.50253109 52.65687452
82.41356411 37.13301975
86.90082947 40.21927842
24.29676601 80.3352486
12.04370647 87.5454541
9.03675584 87.09170952
27.71733777 58.99417244
47.53355982 90.28297254
52.44616025 6.35518599
52.76131531 5.40314872
97.14751721 71.39356686
47.66827888 90.83456341
39.11489505 88.27250146
78.39959072 29.353527
78.89627523 28.27839473
56.6393431 95.64267458
48.1241523 11.02252382
27.712919 92.143797
77.74421477 27.83639662
76.71227596 30.0550889
45.50539653 32.42478634
11.80280796 73.84978157
10.7354971 74.18157024
79.43253256 29.80403742
81.05406013 36.69360685
55.06997983 5.54282193
43.53018699 41.65456527
47.7380556 39.62912919
47.63299483 8.73758341
74.9861315 27.19347755
74.24969464 27.18852099
94.11397129 72.9703561
92.97066579 71.82343312
57.94058443 14.75777805
55.32585811 15.42320976
83.33800457 39.39928547
52.77306178 8.55704812
67.46119704 84.85351237
20.20762402 86.96374409
23.74150515 85.66382622
25.0960438 88.29130538
45.16158396 91.60837215
87.14841484 46.27079005
8.97693899 70.6434249
26.96543695 89.38873203
62.59242671 22.39053528
38.79339135 44.93172804
50.77313453 8.27568438
96.9710497 72.6317348
73.3941651 26.55067088
21.94492148 94.63850405
54.19942199 13.59835097
10.26059878 74.64837108
10.44666173 73.37621696
54.5437608 3.65603771
45.37081125 38.46852408
96.57142188 62.87428582
94.35625842 58.56632701
68.48971663 83.37046076
15.32266361 87.23740925
34.61078057 53.53042039
70.08892814 83.88662847
69.23393492 84.03173438
66.41631576 84.61323961
65.97529937 84.51216242
66.89154807 84.52295076
84.57000179 79.17593314
83.37373655 78.08599882
14.53353945 56.55665817
16.97542933 57.6975056
43.70980493 88.25085205
15.02352915 57.31796735
88.6517813 77.72724686
89.58673422 76.74118109
89.76527291 57.00085383
90.24833993 58.04769717
67.56388865 26.49708926
24.53321624 54.71364018
25.75507587 54.31861915
81.86883846 79.0380629
86.25223491 75.94268974
40.87695107 89.61057026
10.06026474 57.22496842
63.24567039 20.12100481
67.11708109 23.76658376
10.5916755 80.46524248
68.15166031 24.79127558
66.86902411 85.05187482
66.77727907 84.79248971
26.16733164 93.52902979
44.28260448 37.53532189
43.84720502 37.36315372
71.0947152 83.92979523
25.04227688 93.35761277
11.81588232 77.53636037
10.26596762 77.6579889
96.30934514 72.56721627
37.40291473 45.63033717
45.78990787 88.49325297
65.36688344 83.91982499
61.75443615 10.615881
28.18887839 53.74155042
4.99259535 70.35894564
93.17605169 57.05501625
99.08629926 65.37339203
24.09905179 55.5880823
63.33139517 85.00781054
62.22447929 85.47642884
49.34026498 7.4938426
50.48140935 7.53605776
29.05014966 53.26830828
62.24703798 62.21918891
54.77981803 41.06190894
70.1880859 83.17492881
45.16940421 29.65978668
23.87552234 56.52764849
53.41653597 15.76027715
44.59138932 39.63555448
55.7191987 19.673622
51.52425865 7.10631454
49.7978446 12.4534874
49.38612981 10.00709751
77.62592899 78.84235309
89.29972139 74.17340785
43.94835674 37.66158765
32.56312341 91.69088955
9.76501276 72.48680377
32.85215448 93.16151855
83.08168734 34.34933541
61.8336048 85.89031111
78.39936452 77.85796692
88.97826463 76.48909201
86.49014282 78.44488084
55.95243738 96.32193468
52.65977902 14.63565405
70.8303022 83.88480681
95.77511726 71.94110154
30.20001916 95.25963459
33.27631648 51.96799005
57.68428078 4.74476583
36.56218222 50.56524528
39.74231945 87.59941708
72.73245851 25.86345788
17.98473096 58.51482564
85.01561633 50.82767009
16.62226862 58.71007651
53.13200756 30.07406583
54.48387787 28.09134954
56.96970732 30.44939299
54.4145709 17.63117041
53.88560549 17.14354309
22.10339981 84.90531091
20.43347716 86.57050946
42.66614509 42.24667137
81.4287876 35.10403693
83.81733254 40.82987876
55.51038917 2.74665351
55.9018608 3.40638715
31.46853237 54.62985844
29.14242887 84.03403066
26.65619204 53.43123551
27.20261694 53.38399201
98.26372411 62.95648695
99.41097526 66.81301778
97.33195123 63.94956418
4.76003089 59.54119125
43.49834227 85.84371889
43.42329456 85.08519646
36.22748147 47.7503042
36.28739702 48.21554758
7.52749658 66.01734358
10.55372148 67.72434098
9.01276116 67.47560208
26.16604784 67.56589435
66.0052879 21.93188729
59.73164625 22.19354996
57.8079337 22.3212815
8.68917525 84.23002701
9.06853589 84.63772331
64.44171731 24.51745667
64.81464639 19.70896146
63.8184321 20.54639287
16.19385302 71.85990482
15.60385822 75.55332982
12.86056865 74.53096903
12.39695131 56.36550725
12.52611631 56.99293692
89.05691005 62.35267948
91.53785855 67.40448864
15.64798123 62.58036594
11.14223786 60.97242255
12.89327899 59.64764862
67.83133785 71.71278639
64.58413365 67.50123117
23.61740888 94.49261231
22.9204668 93.98034414
41.90627731 42.66740473
54.99640552 77.87238741
58.27657394 81.18192864
56.82218158 83.60743922
96.81769018 71.8572136
29.65006867 94.43646383
28.54175093 90.0006613
70.1341793 29.66535022
70.45846849 27.31516163
47.06055455 59.59997562
64.4677904 51.68532862
24.76160193 94.02868667
22.50306109 94.83725307
14.34203881 85.6378062
11.35780264 86.41722608
22.74749459 93.05841342
65.53882202 83.0753956
60.99933113 79.16555513
60.19367031 72.35901697
7.11965928 58.43491342
63.21392388 84.14253059
67.73734868 84.02943372
89.65225852 75.45882455
89.91717889 76.37055276
58.13958769 85.90994095
79.33463243 80.14151125
82.58822318 69.69027481
78.32002737 78.57887243
96.32312472 70.37138868
96.21395668 67.86006665
95.9304184 60.19282918
93.43683727 59.42878878
45.8938513 90.93066544
44.49728355 87.13590073
47.66845643 89.30923286
25.66747329 90.14899774
26.59304891 90.51552809
87.42783696 49.40064737
84.69661928 53.86943809
38.78059961 74.39211692
44.36963526 88.75926006
18.89837823 78.05137556
24.14517427 77.30452898
21.93545981 80.4636108
43.75711195 30.9380772
43.7506437 31.65952021
29.33172923 55.92811424
32.44668624 56.90970507
29.85983444 56.83547085
52.67470199 5.85599164
43.76440333 89.19944186
52.02192058 25.21008436
29.82016742 96.23386559
29.55438505 95.96475195
54.92522666 1.86744672
56.04512039 6.15159569
12.00177582 72.69504358
14.13510233 69.66014896
58.70616882 9.80790018
53.50996188 6.67832809
55.5303073 2.29197779
55.51179579 94.81798737
41.78817124 43.90411727
57.74836922 53.54532692
41.23330888 45.25816278
73.52783815 34.18753824
77.61583 29.73978693
93.58460052 72.83351429
53.71921849 8.20237066
81.64760034 62.45072416
76.99398192 67.7923391
74.25360667 64.09574571
54.39183251 93.16704298
86.63412707 46.97380461
85.201533 45.70829468
87.02700979 45.44460207
10.24195144 85.07178471
9.78801668 84.88480908
59.2517595 25.74100362
54.67816679 58.00384378
64.7803823 14.28450683
14.93374182 88.52547139
15.15514182 88.08440858
38.47413649 44.4103905
39.02922798 44.45754904
19.40492753 86.20988603
19.35166491 85.07342296
20.95629461 86.52545092
43.575074 34.80697021
86.15469653 38.34374928
86.43752482 38.07373789
85.88282039 38.72965836
95.90147622 62.0987669
95.45085848 60.07243862
46.27245448 30.468564
46.08953262 90.55352273
58.43564601 89.93578843
49.98631907 90.23906686
15.94771594 58.89768233
13.69609666 56.9404763
15.06914872 56.43373545
65.49738723 80.67936254
48.8660043 88.20459659
54.53213379 6.15844027
60.55843145 8.19627005
64.10753499 81.62169665
66.14387448 81.93775008
64.98599731 82.42982026
93.47617285 57.76058822
95.14436162 59.30085465
17.34883607 57.78676707
46.47575323 92.29939299
43.36319001 90.40332131
66.11523628 32.40585657
76.69996213 29.02542537
23.25964678 55.73352517
25.05684495 54.65919027
25.89796587 55.5490204
80.19600754 73.32222587
83.39276761 42.91411847
87.33669127 42.77383717
85.48099485 41.13177096
43.66982828 87.72323668
40.14233592 87.95603187
24.53852527 54.32132769
24.12204515 54.64460043
74.78955458 81.39933121
74.7062497 80.91807512
1.86263196 63.81054649
59.56012846 88.49053527
59.86973248 87.81877165
35.5734713 53.2291389
40.83176503 53.00404864
37.83994249 52.75913915
71.36539861 81.19365579
72.84416879 82.95926216
44.66577844 36.70073909
44.37735789 37.01592702
46.80804321 92.3666547
41.71747982 88.6911348
24.91124223 92.66247752
23.56584035 91.90450475
22.99809071 91.84412123
29.02904497 58.43146742
30.69770946 59.7331779
28.28166364 60.33064608
11.6097157 86.98049829
12.51109109 86.77834999
26.98100205 94.51353011
29.70083247 95.44114925
11.30060068 87.81620212
16.32483274 85.17888568
59.82262413 9.33111669
59.60404951 10.06538442
56.91025002 93.8414601
67.58431323 55.10807185
88.44582524 75.71653122
91.21031403 75.32907829
58.86290293 13.15627076
12.55750443 76.38089209
10.52891787 75.19521285
98.60400364 66.7589392
99.2661314 66.39416505
37.75212949 46.04147779
37.14915043 45.98765906
37.32836422 46.38510916
22.65133152 86.59230922
23.71802416 87.66671756
87.4773551 78.2262454
88.20743554 76.92894637
87.57219693 74.68287932
22.34979832 87.61423189
21.72739593 87.37051501
49.89678457 7.60784279
10.97851093 56.25101846
46.71295877 88.23790679
55.22474825 95.99204719
10.60963739 56.75189975
11.56052409 55.77466486
74.03834929 80.51103516
86.6438609 37.49934278
86.51160764 36.99565338
73.69751826 81.78255167
73.29153449 82.56608756
71.02338462 83.50033431
70.99333487 82.74284789
71.83068447 82.77723038
47.89696474 29.79556766
45.75614749 29.54477792
23.4117972 57.05055359
23.35032407 56.42916615
55.63386351 16.5833847
53.92981505 16.50675872
54.32624416 15.61522312
43.59082437 33.73548071
44.08292829 34.19680939
44.57111017 34.52834673
59.19864252 89.61337604
59.27115243 90.07972978
99.04400115 68.94890311
99.30008699 68.44655643
51.67241264 12.74008862
46.51039694 9.4992991
48.03464404 9.15659164
14.50014492 57.86524539
18.96080121 59.64483287
10.1186779 87.33744769
15.23727644 86.90934732
13.33149414 87.68139546
52.14401182 21.48651001
53.69898579 22.78433034
80.92423491 29.39742186
79.90838004 30.59101792
79.95591302 27.94892825
99.08639498 64.88134992
2.33057827 61.28224497
2.49761494 60.87185015
6.7310222 58.24353388
7.48086843 60.95750015
5.65473712 57.76770188
23.95574043 94.30979155
22.46775202 94.16846998
24.2784549 57.1383437
24.52477129 56.01973621
25.62339388 57.33669711
82.51308912 35.68001889
6.22668903 70.8734487
78.76434632 79.50779119
88.785708 76.94739592
87.71673169 77.56635874
86.70295313 38.84239262
86.74749399 38.43937829
86.79919258 78.64266366
86.32725765 78.78227818
55.59564157 96.66385142
57.21223866 93.009205
11.59113208 78.37211055
10.51505408 76.48469971
10.64697209 77.82884302
59.53930017 10.90895928
60.35514778 10.19141168
42.90203532 43.15758007
5.71686021 58.38711483
4.18921838 60.51221812
6.99838632 59.09462752
63.82763453 19.36471926
64.38066313 20.82587843
85.96645661 35.53951634
86.20020504 36.13782398
49.48727511 88.7964269
52.91151901 25.5284308
79.8992358 79.31911204
47.1259107 10.32753066
48.86802645 12.03589267
28.94533437 55.22080099
29.15598359 54.3346387
30.14795898 55.24160832
86.0425429 43.23402043
85.52534021 39.77439474
50.84636053 14.16201054
48.79532513 11.48995212
10.50037965 78.20825721
10.21413016 78.01663115
22.72546015 94.97249776
24.3322371 94.1388878
22.72594787 94.27536128
22.21524512 94.40957072
75.80568012 27.4935716
73.80320743 28.6355049
68.6468735 25.09485982
68.54671894 26.19511399
67.7155642 25.49105043
44.76702012 91.49269487
45.36739289 87.23439754
48.42468075 88.57830786
41.64469959 90.35441713
44.40933755 88.25838585
47.00993435 87.74094416
42.02795014 90.20830485
88.83503527 46.22222196
88.74540501 46.83837697
66.42054052 82.82687928
48.21444743 89.68201875
72.57787508 25.5294531
73.06332981 25.66091616
95.56030944 59.57211525
96.54155633 60.56221451
31.11314938 52.16780972
30.60570708 52.36961089
80.32649142 79.6256817
82.93658849 76.93292391
83.21284482 78.83018389
85.54612227 78.30001992
85.60295964 77.51488555
71.21562658 25.39772665
71.79458781 25.46975673
85.96963411 78.7801727
83.883411 78.25673998
6.70833843 70.95020627
9.05350048 71.37987451
53.13458522 16.21608469
52.66251375 15.75170359
48.84609429 8.47776222
51.36531958 11.54760913
31.40433248 95.15644725
32.10950271 95.25352562
66.53663085 84.84862501
66.17447022 84.74523534
17.67760261 57.86650077
16.12731155 57.35149563
63.47492161 15.99221575
34.57675318 89.23354102
33.7079322 90.63794822
93.9353871 73.48402492
94.47651806 73.20552554
79.28820065 77.94057524
85.16493339 78.9338414
23.70742178 55.90473578
16.00169768 86.35062566
45.45789377 29.40873469
44.98873278 29.37722659
1.8568291 63.04208659
2.35238727 62.54725643
57.17494967 5.06941381
36.99411006 48.25403184
36.78750386 47.48420743
38.13081013 47.60609582
64.52167137 84.26946171
62.3549617 84.34288391
52.74494532 5.01304223
52.3231072 5.37997343
83.57171821 33.02390823
82.80634398 32.5301256
40.4379475 44.72232072
39.75145112 44.3656554
77.50863552 27.44371702
78.03585212 27.47673538
33.4300765 92.73129114
33.50490067 93.47682414
48.36304089 8.10090521
47.62131327 9.41636771
36.18350324 50.06930687
36.52568503 49.054564
40.50232952 88.3073481
42.77797943 89.68592536
49.11335772 89.86854057
49.56002568 90.39459762
18.54454625 62.50550121
18.47181606 58.87929798
49.34144531 26.91872919
49.2609123 27.41619193
48.98998204 28.75974933
47.61879757 32.26433643
98.72070936 62.73503029
98.79092111 63.49628849
53.97987734 18.8769354
53.81741638 19.49377244
61.60009201 13.07916269
63.35315915 14.43272363
17.44981049 58.36490677
17.90237707 58.80213916
10.63923058 71.93944176
88.94946114 77.66583008
89.25947891 75.98810331
99.55224892 67.1560101
99.53411972 67.66885842
77.4782343 78.13413014
3.7119871 58.95834453
3.10172312 58.78849307
46.76688416 86.22818914
45.3961796 92.10448197
74.86729477 27.94237387
78.34832201 32.00634455
10.69374731 77.06888745
11.16964983 77.46210854
14.29601328 57.25678364
14.45029758 60.67203274
93.93660883 58.94951779
93.00202158 57.7289822
52.65570136 24.38290238
49.5032947 26.57595036
23.95121908 88.50147948
78.32439141 80.00444264
80.02894038 78.27771006
21.81260083 85.99484508
18.5552625 83.37598163
43.57324459 36.6010522
43.56474908 34.12665606
82.60496968 29.53832514
81.7149473 29.25369643
89.58885076 53.87439041
88.74973947 51.69311938
72.36415382 82.59165189
72.02210704 83.23467335
25.32492123 53.88587044
25.8866555 53.63102008
94.71910815 61.27456837
55.80933064 95.94865674
61.99279599 86.4513818
61.51823143 86.70644425
84.58746323 33.51224562
85.00283205 33.97432894
72.63386386 79.74128243
43.72575084 37.8082891
44.82378124 38.2173972
67.08496013 84.01303709
67.24721528 84.53922387
66.97715023 84.31234953
9.86387954 73.95840402
10.03552936 74.23822101
11.0270825 76.88113851
88.92637836 45.38836599
88.36428216 44.81652731
88.02928084 44.40921207
88.68267891 49.00881181
88.71556153 49.42375145
88.66296439 49.98136264
65.34276336 22.16913435
67.32443686 23.05263713
67.87954145 23.52779005
22.19390598 60.09768359
21.61038597 60.16390751
19.32081942 61.27759164
60.07789831 12.77730367
64.0535008 13.38179573
62.14831218 12.49149813
28.77466389 53.06504051
29.25391616 52.86472335
49.99594901 88.51028636
48.60137562 89.38448297
47.37076779 91.10055013
34.2936426 95.92628175
33.87535641 95.65494632
34.20444699 95.27780755
34.25850417 95.61105606
25.48789429 92.05528522
24.75358418 91.37433677
25.29086174 90.80143531
26.06747719 91.36684798
25.39675901 91.40141711
53.48190054 4.51429982
54.94290587 1.36881954
62.75256796 85.1587027
63.5113422 85.64937781
62.65092274 85.95503848
63.0718035 85.77057139
54.94033077 3.96084936
54.49235246 5.00604115
57.28651176 4.38551014
56.23966661 3.07933507
55.63900725 1.33522795
54.04488291 5.49344839
54.61324087 1.67604019
46.55753659 32.37017003
46.88078652 9.20972357
48.81597794 12.57263238
49.87038994 11.68834537
48.01021264 8.43980182
54.92126767 95.23091239
23.52816509 92.37973096
69.4232119 24.84290293
70.32832241 25.32138503
69.61607828 25.93638861
69.85694626 25.11856946
49.42624838 7.04814289
48.8745276 7.29893152
49.01181107 6.92561989
60.64895749 87.02741007
61.08856473 86.29231568
61.11157402 86.81736662
41.93821642 89.07025874
42.95397597 90.41355021
78.86583638 27.64037679
78.41406192 27.61616121
74.21127763 82.04627415
74.32937557 81.57857138
74.66647501 81.67832217
73.659742 82.68818564
73.20763839 82.90989494
79.67439156 78.72184561
86.07518037 78.31732108
23.72403999 55.2461456
23.94611016 54.94270468
12.49674301 87.18622316
93.04122885 73.76671922
92.13032491 74.39943984
92.2087708 73.23275488
92.57013289 74.04962074
24.92883966 54.15825829
56.66533525 95.87407903
56.25720529 96.39118925
56.31596691 95.86817289
56.46882611 96.08112825
46.19492711 9.10042116
48.92587791 9.35191738
48.32126771 10.38201571
10.6116218 86.28670427
16.89171907 85.91536916
16.42169163 86.11553274
63.86977284 85.00287666
63.9443194 85.58152217
59.15026184 5.99204581
56.54194107 11.9636108
59.61154953 6.8842357
44.6135453 85.80109733
48.6034047 87.20248429
86.78743933 78.10280919
87.10602728 78.43264148
11.40008084 79.62338028
45.10641204 88.340834
47.07851533 88.9834529
18.96737733 85.95041039
20.14657391 83.62826676
20.9343882 85.90781657
64.26833478 14.38178289
64.57225217 14.03762966
56.24108937 93.58789597
44.1947001 90.47934822
12.82932891 56.46489932
12.03300421 56.20608653
94.40149949 59.45735334
91.29279471 56.83447677
93.50499045 62.09095073
93.5182747 57.26374961
93.51455079 73.5717241
43.75430155 32.7200029
45.7041541 37.16075232
43.66586065 33.25407141
46.21297488 38.84289036
11.47678139 57.12314314
13.04344891 55.98671375
10.86449234 58.45118633
45.02936891 92.05367886
44.65279329 91.94531646
38.13211054 44.86884628
37.66505387 44.31230489
38.06783714 44.39901906
56.1710684 96.66207725
42.87628339 90.05501785
56.54195172 92.47041191
51.7848695 6.03779764
52.10073355 5.70566632
12.00420983 55.80285486
10.03300488 56.3226133
10.03813997 56.76935594
48.33913124 90.33500894
43.78025971 90.41897078
43.80652208 29.99360787
44.35816199 30.46823662
43.80154867 30.44343761
49.77724448 10.83572428
51.27003774 13.46090632
56.15841196 1.89618854
55.43185655 4.27425079
8.67556307 83.35810675
9.1617889 83.76686353
8.67361275 83.79813719
75.80681181 79.32627377
77.89590397 79.76728951
77.97019957 80.47386098
54.58834992 1.16954444
55.85002095 2.06344828
25.2411618 94.02250194
25.62649577 93.43459207
26.12777872 94.21788259
25.69062824 94.09885187
11.79762907 55.69312893
11.66294454 56.47119346
33.42049896 91.68289593
32.58860945 91.00633335
33.54087671 91.15927762
78.12808968 72.36066576
27.47857468 93.01911348
30.59403524 94.67093518
31.25654481 96.55755955
1.99009233 61.70032593
64.52803705 20.2091198
64.55893515 15.05826207
64.46769119 15.55861768
11.507676 86.69307258
11.58281754 85.82766036
11.75225048 85.03706022
22.24052342 94.74028147
23.29512276 93.27962147
23.56135544 93.92752607
44.25366927 29.54893848
44.77376081 29.85436982
44.64549663 29.47333816
77.76840557 79.36244119
51.44923123 25.37385146
50.40901072 25.32736419
37.21036833 44.47309409
37.26868692 44.17712432
14.48208588 56.01998359
13.70947115 57.53935668
23.4524974 92.85584878
22.9112306 92.23790175
16.82237837 61.53912125
16.56480011 57.56980805
96.25145827 59.89358972
97.13729066 62.33254067
27.68432485 53.8530321
28.03066848 53.34618314
27.61734483 53.40034036
11.82685789 58.5744394
10.86283042 57.79820752
10.0444645 55.84480402
98.26034867 71.65744684
97.74646338 71.83750357
15.40181476 59.87158162
18.68355136 59.25286216
98.35304432 72.04150754
98.72065461 69.25338138
68.61044321 24.25034282
69.01936072 24.54576105
87.5153841 43.3509667
36.31192566 47.39377718
36.45396471 46.61060777
36.38242837 46.99632821
66.63331923 84.26647727
68.69892831 80.25111086
10.63666314 79.77185935
53.50470686 20.42049097
53.72827645 19.95290216
31.94906285 51.966186
31.55620537 52.71318785
31.51835765 52.10797257
79.44968057 79.86509376
82.79053878 78.00646514
47.10677669 92.42196026
43.78372829 90.03641457
68.81609792 84.1742227
66.54217922 83.45324993
23.68868363 58.14526631
24.8034486 58.62750184
23.85275344 59.48121294
23.78072368 58.79291079
70.98108304 26.13093345
70.79807017 25.42030828
59.34614147 90.90833071
59.3252365 90.50774306
10.68093553 86.87226177
14.05374505 87.31022084
12.88245525 87.61391147
88.67484241 77.35746641
86.57155282 76.74117639
89.30324116 77.09211809
85.25876035 35.56458123
85.42965414 34.77792046
85.68504999 35.17945372
98.27759916 64.49504947
98.29746682 66.19556222
30.14532838 90.88443442
31.42358014 95.68029754
30.766311 95.16019688
28.92570789 95.43573951
29.93742812 95.76167974
47.34809697 87.21583921
39.51928561 88.53566513
43.27270765 89.6364803
75.33829471 76.40879729
79.00606658 80.20389443
26.45106614 54.15207537
26.28952739 53.57238709
10.1186691 86.50149361
13.79090147 87.78401778
42.90133864 87.82195311
44.45117416 87.71948745
98.42600841 62.55613027
8.21285357 58.79363339
7.55349924 59.98560324
11.94184877 86.51767392
11.33025933 87.33621351
12.71459108 82.04117407
85.81240008 37.30054945
86.31208465 36.65035857
57.683625 90.59669145
39.89478433 88.80447015
91.34051344 54.64299986
88.5676372 52.60081771
47.42588162 34.80932395
45.02042663 37.39083327
44.37221254 39.18325482
1.16147138 62.3722958
49.95014144 26.97096177
50.34729598 26.47723673
45.00173767 36.18345248
44.43296576 33.21407317
51.74498113 13.82577022
9.60417355 84.31079382
9.4345045 84.73017248
56.17915143 94.04564226
57.80247744 92.12064896
55.39151507 93.47365457
14.00580839 86.20027714
10.73660564 87.33695387
10.99466448 86.64958306
71.61750368 82.18418222
69.73018807 82.04078404
34.74126537 51.16374378
35.44791083 50.62151822
35.44590318 51.200769
35.13466651 50.89514363
15.41065334 87.44892835
14.94806081 87.60689562
15.25558957 87.72998651
22.12768539 83.04241307
20.90354807 87.00294341
14.75067235 56.88817821
14.8179832 58.68551664
52.037616 15.07008527
46.82336386 9.92160969
50.49173817 11.9407641
4.62319913 58.83155132
5.7824416 59.26327793
4.138183 58.9527957
98.97490759 64.40793268
98.1748214 63.96364719
85.09574858 76.78900362
22.9975468 94.83423673
21.70548715 94.91899319
56.82504658 94.22238118
1.98735246 66.98203974
2.37172214 67.68824833
3.41950559 66.67715293
3.08685486 64.79340745
11.60654881 76.63335242
10.70819248 77.42033269
71.35847261 83.11727931
70.19397091 80.53793088
91.82718602 55.55382256
88.17675535 55.23495011
91.57207082 55.0936185
32.55487385 98.40417431
32.30317853 98.50348327
50.51814881 89.22938369
40.24490591 89.07515998
62.2794619 86.1939826
98.49665181 64.92773137
77.87749619 30.81459277
71.32777324 28.80442674
55.46971929 3.72039645
54.38747254 2.98097196
56.75170841 4.53242093
14.33912092 88.5478633
14.67133361 88.78840403
23.27546519 94.19818758
54.50223892 21.8166413
54.84279449 19.87350139
52.57546496 22.34494351
87.87671391 78.03072193
88.2123472 77.41789864
3.13277765 59.21678661
2.87371145 58.94042189
58.58043078 5.21354837
57.87509213 5.46397181
58.15069679 5.02691266
31.67717397 92.47723457
32.69552843 51.51797669
32.74875014 52.38181757
32.35812148 51.7677128
64.40072407 16.09107948
93.03831822 58.56915224
94.06400122 60.07613245
49.31475415 12.21091205
49.99360036 9.75714488
84.7629794 78.0348766
80.60458104 78.75672959
95.56324319 61.32715327
96.61589084 61.78742884
65.74464049 84.76563788
67.22212209 83.60591003
65.8903531 83.5870304
2.59796271 68.19539645
2.13626099 67.28627797
79.70341419 77.19830522
79.02925083 78.55120757
23.47703512 55.52781178
24.3935394 55.16217188
94.90495426 62.29880126
94.92753335 59.83015336
54.74263062 18.98581483
54.20170474 18.42586233
79.73249255 27.51907796
79.30617904 27.59725287
99.00334645 67.9163742
99.39260578 68.04321507
0.80842274 63.87782606
1.14926961 64.72113879
0.7677286 64.43653615
39.61471396 44.89434512
39.45189837 44.46795921
43.83864384 29.60395012
13.1595535 88.10328895
54.89104601 2.33276422
54.09083859 4.54784344
7.19217881 71.08050291
9.92988594 71.4475599
7.64576317 68.95977161
82.8154949 30.37779725
82.7620038 30.97371452
34.14772185 51.80864186
33.678016 51.36144235
34.25101948 51.28792374
33.1867404 96.71068634
33.45849963 96.05354663
34.01594465 96.31646045
33.62961339 96.47096005
13.29032569 56.48152232
49.17366495 8.01097998
48.65541633 7.7073445
87.44064351 75.64910319
88.02433942 73.49350185
49.17962095 28.29239431
49.71274816 27.77877275
49.26330808 27.82571649
2.85590331 69.30553944
3.16444717 68.86691954
2.60812573 68.72391472
73.01155037 26.2209394
73.33512223 25.92198322
6.87721701 59.82005664
8.81429115 59.38724257
8.02066465 59.261476
8.42044446 59.0719966
24.38250001 89.98714245
25.66636308 89.28241921
24.42872081 90.3472736
26.81475694 92.89740124
32.10943945 94.61744725
31.76193686 97.52339261
31.99591073 93.93698162
45.58398081 43.74644796
41.00040194 44.65059387
10.7027393 59.16641156
9.80400013 59.3427232
10.05021206 58.82487633
51.03430349 6.54665609
52.01689994 6.78710488
51.41706695 6.31647024
24.27336381 89.58202148
30.30558824 52.60509303
29.93592823 52.75344907
86.71103963 37.9036822
73.85185807 78.3671909
10.31493769 73.86932691
9.99680323 73.31883345
9.96527325 73.6895001
37.57606959 45.1720986
37.04717351 45.31673112
37.14218698 44.88514375
53.25966587 5.26798237
53.11549762 4.81007151
88.40594917 45.70397923
88.84805623 45.76289627
90.92034899 53.84015971
89.73855817 53.37019366
4.03763605 59.53632404
53.06374662 15.13120067
52.4003561 15.39092268
32.83561972 97.7392817
32.85670942 98.21156053
64.63221743 19.2833097
65.29149593 20.57004562
89.48733446 54.48331863
90.65136288 53.23190966
86.03086533 52.7614033
58.43638552 10.80923584
45.45531869 89.42753839
47.28119499 92.18370652
63.66322154 22.41529611
66.3941459 22.37034033
44.54598695 31.87968202
43.8076801 32.17104745
56.34608119 3.53506455
55.90987018 1.6302223
23.56655358 91.43303244
24.13995522 91.39411925
88.54844108 47.91310353
88.05813308 47.25359238
88.60225076 47.35606319
43.20467304 89.22374338
47.04748263 90.01865459
40.08885405 86.49491839
56.10621745 8.57838378
57.42843604 6.71791302
23.57992757 57.54552397
84.7420349 34.57807332
85.19394893 34.37322748
61.00177834 10.21682789
57.58442098 9.36025257
88.16049221 48.86954032
88.64029784 48.40499654
98.04154068 70.27707362
80.42392221 27.7024245
80.97698685 28.44243372
80.2201935 28.4055771
80.69140966 28.05360672
54.52183233 20.72415231
82.1944498 29.69200833
81.31978585 28.84623391
14.25232917 87.93289985
13.9523482 88.35797698
42.41349883 86.06457879
41.83100199 90.58090297
57.95534513 91.25269339
58.83603159 91.5148465
58.32727085 91.77628455
77.45055285 28.78828705
77.13104544 27.5203476
48.60664073 10.92803477
51.24844611 14.46878273
49.98510212 25.16688479
50.0249342 25.42657976
49.66352296 25.29119514
32.62562368 92.37926188
33.36545989 92.21712398
96.18355791 72.82218976
95.4155899 72.74218458
96.12691093 72.32631001
95.85098562 72.75999565
5.7561569 70.85798914
47.56594406 31.3029293
48.11973867 30.34444413
44.96628901 30.27592673
43.01998353 88.32091671
32.86948198 93.98570128
33.7444575 94.550598
33.55590276 94.02279487
3.19672647 59.89161985
3.08328529 60.73302744
2.83613533 60.31811282
33.62336052 95.16430036
34.01277899 94.94916877
44.15269766 37.84668931
44.24193253 35.85015133
9.10671804 72.17852588
10.12044241 72.26377233
36.42614397 48.57329911
23.8893562 93.62086021
74.21661823 81.06224837
74.45214945 80.69642501
21.182942 60.35124374
20.59547181 60.43037066
50.28469668 6.93931428
49.85260733 7.0423642
59.75678522 86.92276154
60.17837383 87.35683675
46.96306309 29.90537819
50.87013421 29.48027909
91.00677176 74.50056694
91.78012079 74.82905575
96.6284178 72.55287989
96.84306883 72.867776
96.52635425 72.83631266
42.45050018 46.97755794
42.38934455 43.28232346
41.72035698 46.04786375
1.90855691 65.23966318
1.73308562 64.42425475
1.53790199 64.98423727
64.57003026 22.33807902
64.36941195 18.28825421
8.66965902 83.04105222
9.72621689 81.60787943
10.30050324 81.02966113
10.1398895 81.83561676
9.98056903 81.39989082
86.72763358 39.28614908
67.62386349 24.39136809
68.20906969 23.91930094
45.87153991 8.8358108
94.63842499 72.35097885
94.86846436 72.90019345
31.97069325 97.91742661
32.39131777 96.72352488
32.80892976 97.20435696
41.94727178 43.37543978
10.53747238 79.2163539
10.78617245 78.49551211
47.4144808 10.73489176
50.29743768 12.75679302
51.64674818 14.7671911
47.85299198 10.5539562
9.27742446 86.63702574
17.39320669 85.77735644
28.64331598 53.55619495
28.42816231 53.23373885
72.29301093 25.98851647
72.20958549 25.54084375
29.06684292 94.80171024
28.19735767 95.01829599
44.70736089 90.16797682
46.53620658 89.78705204
63.72567758 12.7397353
62.76487011 12.93192458
52.7086213 20.94484419
52.07336979 21.20314162
83.99104338 34.12706761
84.14596372 33.31281981
36.75060362 45.9678428
36.91899324 45.69363606
4.54765046 70.60168378
4.90324853 70.96083862
48.07803992 91.10840415
45.30920333 89.86105908
23.12802238 60.05916573
22.61657331 60.673316
22.62547958 60.09735899
76.70603481 27.54759191
74.36084143 30.19392856
3.67428615 70.01052997
4.52451827 69.84798425
4.13653548 70.26846478
53.47004453 16.61020714
59.35053017 88.75146786
36.00386162 50.81770344
35.79494854 50.39716075
9.30294689 82.6745265
9.59677112 82.33237878
18.54847734 84.78375147
19.91571191 85.61511632
51.01542077 7.35384042
50.66458657 6.75771434
32.68878237 90.30340743
32.87397223 89.57497859
2.21333685 65.51039232
2.17398749 66.67794784
42.27171465 44.02063812
97.51117811 72.62948892
47.10099661 91.37824253
46.31093478 91.06673245
54.4894937 93.59829419
92.8075761 56.77007425
44.06957973 34.79065653
10.39694895 72.80592227
9.93778979 72.89522127
82.854839 29.47548124
57.03413676 93.4390105
56.6962101 94.97924888
45.43387769 29.9389044
45.24257608 30.78225619
66.2869769 84.33954657
62.80670797 80.64084062
23.08231774 91.47020637
59.52093385 14.31333783
62.25795923 11.54231057
61.0019389 12.3618464
59.68064952 8.32911924
61.69488526 11.9413193
50.00672615 25.0019664
50.14045895 24.81884806
50.63374634 25.0781625
50.87771519 27.46174367
50.27621058 28.42485233
50.23855646 27.65393512
49.75469891 25.03050627
50.1377021 25.82332573
78.30111617 79.14113631
76.23615139 77.96985036
77.32484013 79.72300037
0.61433764 63.16838506
48.33571419 29.54167101
45.92570337 91.78129155
46.65286212 91.97382195
42.65835464 89.30105787
27.31302585 57.7975688
28.31020771 56.34133387
28.63211906 57.36030374
73.40003441 71.8429656
70.92249908 75.24781405
70.91060351 68.05750464
70.73571406 71.72842739
9.74568985 83.07500213
10.35331696 83.83080014
9.71703023 83.74946161
15.38169182 56.71896157
18.33458401 58.55775369
10.40818667 78.78486017
10.27643892 78.48284607
12.97210358 57.70366215
10.11086858 58.2550341
26.52283401 83.25817662
29.46076112 80.80575086
28.71446002 86.53147481
26.83747316 80.42320194
24.75295701 90.33618387
92.82953688 60.11525484
97.47837559 63.26713154
98.0531279 62.27888919
91.70764692 70.81280607
89.72996375 69.93270715
91.57898812 69.22245628
50.60942384 9.40486089
49.42772437 8.97705162
49.9466891 8.4238103
50.18547594 42.83261929
42.82298385 54.78379126
43.44063255 48.12010374
71.16376353 64.56529336
84.77317156 38.2724654
84.96827947 36.70508091
85.29798938 37.7978624
65.71169783 84.21568671
88.03949638 51.88603495
90.2771422 53.51032125
90.33202177 53.14133343
88.54156562 50.43514436
52.92060914 72.26360728
48.7505326 67.38925591
56.05985293 64.53932473
54.52108075 68.80078336
71.31416284 83.71778266
71.6339949 83.46907991
70.4838625 83.87022064
72.96068052 82.05899213
77.55142784 80.00360384
75.82277232 72.04008718
55.0513742 3.46896536
53.37917864 5.84589198
42.13220821 89.43205292
86.27890319 43.97260572
98.10483971 65.46763597
97.18101634 61.44941043
97.49832903 64.73475613
60.58907543 9.01923051
56.9494306 10.48491617
60.62008789 11.61931859
59.14864277 8.979338
30.00980156 93.59287364
30.86409446 95.61541964
29.4094086 95.11728673
3.29535227 69.93955172
72.06755385 26.78735743
75.64475912 30.23916394
71.37221619 27.08661756
31.43984765 89.97397055
31.45489918 90.88355415
28.18150368 93.22731859
42.60139605 86.70117037
56.65365488 95.33521483
54.79036856 94.83383076
47.3431195 89.66618569
57.51950154 89.82977083
42.19424198 85.36410466
58.26336681 88.23093164
48.45006629 8.85028764
6.09620185 64.01044246
5.85596383 62.55093025
7.21592357 62.04276291
7.73810267 63.87621471
6.73181113 63.11512741
58.90570453 87.94760529
46.00389218 89.58929483
59.20887749 89.13164311
54.67572699 94.42901811
41.84499225 89.91936162
31.90813089 81.50347077
30.17070784 77.21093998
34.29814075 73.00398889
33.8794366 76.8976581
53.43874791 21.04491081
53.14476135 20.75319812
98.3740793 68.52536643
97.9459571 67.42259235
98.53799484 67.73185503
35.97610036 58.48260396
37.59182433 55.50870694
40.53472779 59.38687804
39.10056715 57.23974744
77.99187771 80.11117711
79.21874358 79.50215568
78.70106406 79.90922643
30.48947642 96.31726513
29.9602744 94.85396226
26.87847741 92.10376053
29.5576776 92.97828438
26.55741426 94.35977839
14.364944 56.32085922
13.92174599 63.87937321
91.3432166 63.14365207
93.86747506 65.2933765
95.38910403 69.09182359
91.3646418 65.39151356
10.73432443 57.24136661
12.02657751 56.76304361
12.88529604 58.559449
50.13057306 24.97299423
50.69264906 25.65649504
90.6503213 55.58774843
89.45465214 55.20664959
27.05146384 87.76839116
31.6090708 87.6066368
31.48585483 88.92521179
45.76017903 92.14668779
40.86783216 87.43740951
47.53025218 92.32430057
92.11201935 56.00011621
93.79611266 57.38425414
94.73064171 58.97053551
90.91303679 56.21860903
54.83190978 14.43855676
53.37921032 14.16382674
53.88697853 14.82283181
28.40111724 54.17510451
28.08786224 54.87754547
27.2919667 54.52043735
27.86588021 54.36099164
5.05128311 58.48019958
8.45934065 61.17221759
5.38528938 58.1100579
7.51895695 58.62839473
56.14489616 94.86778973
49.61634971 13.1834981
48.44289613 9.63868146
62.09434108 16.78093175
38.43525557 68.85301318
42.77916687 64.85735302
43.02864413 70.85973369
43.06820192 67.95675515
51.29579376 39.94855497
49.13491112 36.83430378
51.24962427 33.80091045
55.94565586 37.1095559
52.57894764 36.19145168
15.38134782 57.89011249
18.20690811 58.23970179
14.15970265 56.77786276
31.14304824 93.9840469
31.86083398 93.21721447
32.04949114 95.85231261
62.69646735 19.52975709
63.39628298 12.62584604
59.39763542 23.9323277
30.34455768 94.15015221
30.4687565 95.99661959
30.37019493 95.64425974
30.91674969 93.33300081
27.80574987 94.83880979
31.45818563 97.17958934
16.32525157 83.94768593
12.00243257 87.85004436
12.7706894 88.02101049
12.37488163 85.88348226
14.43353859 86.80872073
79.09756082 29.03424216
75.87652699 29.11602645
50.92704786 89.96444219
42.44169665 90.11276027
44.80040989 89.74726821
78.19132582 28.33775828
80.02842366 29.34060644
78.72444472 30.29461546
47.98280282 9.87908274
53.46659774 12.93228986
50.01233769 89.43109145
41.18650302 87.87575435
38.67672882 88.02064434
63.93172483 23.46355187
63.97594774 14.81931486
47.99140967 90.57981062
47.75743695 91.32459468
46.53359304 90.71677919
3.23724172 63.03501827
4.51926317 62.84925683
4.74598584 64.11898497
3.54735436 64.19645232
4.0160967 63.54712959
47.43260758 29.89682992
50.10025961 29.21489667
53.29402494 44.81765218
61.27043189 55.99502041
73.6431071 56.23515872
44.76653354 49.52020965
87.18666203 42.1882218
79.24602269 40.33878326
85.44250925 40.42308736
58.91429504 5.32580142
83.46772664 37.20359259
55.34530435 20.86000917
55.33364988 23.62434576
84.32513746 77.57887717
85.56482249 78.83076866
54.39128273 51.15806639
4.24351329 61.66451132
5.55441941 61.23453714
5.04607606 62.07735718
26.23060693 59.39834556
25.9826909 58.31116508
32.38933084 53.54442787
30.69670894 53.25021129
31.52393238 53.51499776
88.27816582 77.85933454
86.92039419 77.31668155
87.57377678 77.04525365
88.76599951 74.97670784
58.53852649 42.37143087
59.74362048 33.80445652
63.54995928 38.03507408
59.48651457 37.78488887
67.00631536 60.65422053
67.10784234 80.32707584
70.64970158 83.31922308
31.87823886 96.37504122
58.43355125 16.06217429
62.34442729 15.83145026
64.93277132 23.13948231
60.57116819 15.53001415
59.35095165 91.28984447
54.51537235 2.5732785
55.22763797 2.07811722
6.66936108 60.68175208
37.55950416 63.27546824
34.01950985 66.88508204
29.79024076 64.5763054
33.40594283 61.57339276
33.70716567 64.13169975
82.00703385 30.48324614
81.03255228 30.61736095
81.40197258 29.92296108
84.10358556 36.13398641
84.53205467 35.32797915
84.72372693 35.91702068
78.11879124 34.51133153
76.69673401 28.21733915
79.94477306 32.23082951
79.13960513 33.24233562
11.02326093 73.52858049
11.25721091 74.66118957
85.00928564 78.50309272
84.82085794 79.05736621
14.9887222 80.87474251
14.11609268 78.11022328
16.36318192 78.76693164
4.20410624 64.82355744
2.52581512 66.94366114
2.60735195 65.20462171
2.43028436 65.84754847
3.53213666 59.41204312
42.55622865 90.43992543
94.76852833 60.46971709
92.26804821 58.82944736
93.87334471 57.7103764
28.02413102 88.88804036
26.9501662 73.90918373
27.03493988 77.22420995
11.17872714 56.66831472
82.62828744 45.47449393
78.20466932 49.6038523
77.97532851 45.15286353
87.70960855 46.3725615
87.85285005 45.56525406
26.18170991 92.8109936
27.39849585 94.67088061
30.07073682 96.45986237
30.11159308 96.04799138
44.82926476 42.38151042
64.45236394 58.48662257
46.01996917 41.23185034
47.63356411 41.38550638
95.43849944 60.64899485
95.94572925 59.77856373
94.8126761 70.30816082
87.97146223 50.09866249
87.14929264 52.1603806
90.47087281 54.98570483
45.53728413 41.90932708
68.32865774 64.657215
29.97368536 54.13238686
29.43661819 53.49267579
30.02800435 53.39163288
11.07296468 65.70936906
9.64223008 63.02316056
9.04847005 65.21842987
10.39714662 87.76266591
10.74915245 84.60420887
12.05388716 87.21712677
59.16730553 86.12918384
10.98312703 87.82247239
10.68238746 87.81082011
10.74698383 82.34825126
10.59698308 85.14573605
33.98278022 52.84114115
34.29500025 54.57332736
33.2784021 53.2834372
25.09101947 90.01379973
25.41804503 87.20318525
13.71800492 56.4378844
17.76303546 59.80200406
15.72438861 57.03579224
30.31724312 70.41583444
34.24464785 69.82145639
66.31478108 26.30739232
67.64022688 28.19026103
62.41042632 30.04625953
65.33015779 28.51005861
32.30980236 97.5784395
15.62391589 67.94965737
19.50353626 67.1664409
23.06080844 70.73649448
18.93605096 70.31715997
12.26059075 68.36422306
13.22251139 66.46771359
69.10685411 45.98021456
56.72855657 46.83352945
57.24088211 87.63511459
41.41743372 90.11823364
48.71232956 90.09836155
10.81306066 86.45623006
13.51547065 87.2234385
11.79903035 86.16372102
80.50129337 77.80023937
78.86602724 79.06435137
79.75657122 79.96411085
6.10190363 58.6461757
5.9699808 60.36091923
30.38272508 96.6043999
30.73822374 96.73204374
38.90022819 45.97315087
38.08838873 45.49748884
64.90782578 20.45404083
58.63200035 19.00533718
63.3305615 16.6863606
47.14987616 73.51538421
45.1718628 90.27800746
42.91887112 73.48661717
10.57773026 87.21592609
14.56334224 87.44404797
41.81731271 61.93192243
8.17655933 70.33195359
9.09511466 71.84780199
6.76608741 70.0476795
8.67651419 69.05359516
52.66303848 27.00159303
51.94133625 28.44544643
51.71089492 27.25303659
82.043918 33.75457068
80.8145157 43.02524794
82.99329676 43.88670067
84.53046619 42.74470901
85.39337731 64.28454516
86.79659513 69.37172662
85.87958672 67.16709804
79.45893421 28.13800382
79.2184762 31.26403834
80.53611141 28.89073217
4.88752413 65.37221391
6.08705854 65.42975057
5.45568145 64.72940486
48.68060752 31.95159892
44.4366142 38.0209976
44.26999948 33.76504914
59.35362908 6.41646357
61.57818851 10.15867669
58.44688062 11.96817376
71.41036031 78.25328034
90.9455618 72.69855606
91.91413019 72.15708378
89.07957129 72.30987674
87.9035604 71.07587754
96.55852939 66.01770188
95.73775067 63.66293406
9.87496424 69.28818718
10.40671267 70.74257838
8.06858287 71.53278309
26.22327345 89.82423356
42.87662575 44.11084041
58.4698523 6.09481105
57.61135712 5.99784747
26.62157002 70.67317051
13.79004222 58.29980809
50.41943812 30.48689642
48.99426212 33.11792484
43.58504974 37.0184103
56.99869944 19.39898151
53.41985476 24.93857839
4.17382293 67.17286897
4.41693274 68.67613402
3.44436044 68.05132522
55.06777047 24.7420572
53.82504623 23.49258761
54.70491949 11.00365516
55.17533226 12.88867484
53.17825324 11.59664595
54.12402395 12.09170708
97.73677428 62.71926491
79.69792493 28.72622814
43.77859148 89.63017294
45.22865931 87.80826259
10.19120474 86.01504015
57.01956089 17.87220219
53.88239668 21.38655463
2.81380824 62.00784025
3.32136638 61.32825605
36.88105704 47.00160099
10.84374944 75.89255878
54.61610879 2.14490003
55.18855 2.54009527
53.76557255 4.14977193
63.36223127 13.06390597
60.42006835 9.56489276
77.05193674 79.33761222
81.05352751 78.47998767
81.79320425 40.57133953
64.24688144 83.27820086
65.00853277 84.36297949
48.71343834 29.19887825
49.1188346 30.59732876
46.70581511 31.39353006
46.51467453 29.81640422
59.26812658 27.86623269
56.95913761 25.46343687
66.30346923 23.31154846
59.92031519 7.35153124
54.88976327 9.52549937
53.72809969 24.23235841
54.50699561 25.7965762
55.43308981 22.46433988
32.91379132 51.28667896
74.65378516 38.92642669
68.4794539 37.48064276
27.35537893 55.48148112
28.19018916 55.4997469
20.21772668 62.95210038
19.91581993 64.80022354
51.70416086 10.88657035
52.59271728 10.47471565
52.38087128 11.23547191
90.07502385 73.40160406
59.60282151 30.52588925
88.34324669 59.72960719
85.48197546 58.52239381
85.34119347 61.13288122
97.14515524 72.38271578
97.79452804 72.44129205
51.34880007 31.13948487
51.85599028 29.77366087
97.60945466 61.8965244
59.68235671 11.83280859
60.24142085 7.79119367
98.34874119 69.68161615
97.8865173 70.94967029
59.5715191 83.98909859
60.18160101 81.91445439
87.99750551 56.40437368
91.09690023 59.20135216
89.5278146 56.0482681
45.63416524 90.40743952
51.35594637 74.81702032
23.46372083 62.59489138
26.27658049 62.29795288
25.33759637 64.52626637
72.73499665 27.44705779
74.37950208 26.70513566
76.25998359 27.54144192
72.19697465 28.06665815
75.369469 27.37875414
23.01034676 94.4402035
66.18883124 24.59250853
61.79635548 20.68912261
62.70207415 23.72248481
71.84234891 31.1824683
74.47090695 27.56096665
76.09428151 28.25825625
95.98182641 71.16770827
94.19583348 71.6537738
46.46801216 86.85638304
56.58885639 20.91196918
52.81182 23.3367123
56.52594654 15.13280505
56.90435858 16.410657
41.01985806 50.0519419
51.35414032 48.77084304
63.09957554 25.13247845
61.33579735 25.59057589
66.01823002 84.995601
68.74216489 78.03665705
67.03036675 84.71330564
67.76215845 84.70341785
61.62768101 84.94881517
60.75920275 84.37018692
61.73565086 14.50072198
60.7339319 13.69165299
73.55239386 81.06844952
73.16717125 80.50886259
9.38752234 60.17330636
9.63582332 61.3111973
5.41917903 66.5493584
4.52045241 66.18413096
32.86367226 95.44011269
33.4528287 95.58612244
77.73127498 80.19761942
73.3797595 75.61093072
46.6044888 51.14224703
52.11045227 7.74462562
52.79068711 7.32966653
25.5574572 92.73928697
24.8705266 60.49206789
26.37017329 60.68703411
23.3259508 56.03377173
67.40997368 83.03963314
11.01976904 83.91731585
10.39306339 87.09333885
85.77206661 73.05058345
90.20050869 74.93794336
41.69334076 87.01015016
45.61420153 88.97303931
45.71588115 85.93408048
56.99424667 4.00472257
54.20309143 3.36899227
55.97158014 3.92830679
51.98270632 8.83247357
51.453231 8.04451445
84.42544145 76.07702156
84.6102266 78.76376035
93.6073993 58.34863438
49.35788298 87.82746341
55.12931177 2.99916769
1.24762926 63.60300248
0.74814335 63.51427569
68.79034493 81.97815086
67.72043008 82.16068395
21.61445562 61.30856963
20.4715332 61.46525384
32.01439849 85.7726994
33.14264342 59.26765753
30.88867577 96.03071322
12.45063493 87.56831923
9.80359093 86.70027268
73.10275451 26.95376723
72.60359163 26.50997664
73.81838065 26.78699048
75.46433568 28.19084541
70.54744869 33.38706358
71.05355039 61.37776702
40.16188378 45.54982483
35.5720756 52.02119101
34.82629349 52.51294858
66.12268068 84.00011316
61.80375851 82.92007751
57.05545201 85.69847858
31.31156528 94.59038566
15.26609551 85.92659623
12.44295366 84.36793263
44.28922603 89.66832668
41.12343003 88.98498433
40.50505792 86.97738683
73.9503872 81.37886279
78.3106297 79.60135547
76.30636227 79.70594038
77.35005228 80.38536099
12.27935458 78.9801608
12.7613049 77.72745718
90.35323501 54.43337069
83.15087421 55.8694335
79.27252647 54.25729668
81.13333064 77.31499017
77.65059979 80.48923934
81.46630718 32.0779713
41.63182369 89.61982304
74.94857639 29.02026434
55.56528091 1.83428455
49.70991647 29.96462596
48.38053865 31.04930296
94.05303726 58.12682459
9.31652694 59.48533072
24.19797139 83.08013426
20.50799822 86.95039678
21.55209669 86.66530403
80.23983888 34.30841252
28.89969905 53.9112852
98.08451298 72.22804145
44.51741393 45.87923668
44.97720467 40.27776285
46.74604775 42.98318431
2.52415877 64.24893122
14.05466154 82.32994242
47.60936338 33.41202264
43.57745204 35.66589622
43.89513073 37.07788212
37.42769239 46.91811184
39.07288887 48.77442646
39.20635211 47.3412651
83.67632891 35.21122272
84.23263198 34.81415914
9.64776584 71.92729561
11.03211446 72.72440303
91.12224048 54.22449407
87.20538825 48.17358759
88.46829124 54.32140955
77.25631334 28.08634734
23.5510303 60.93293183
22.79261031 61.39128812
47.85949133 89.98126854
45.46836004 90.80390147
1.10565066 63.08199797
69.1888695 27.30459999
51.71232907 9.85279623
52.42470824 9.66600574
25.32332168 89.72918027
36.78352315 51.36350846
38.33736024 50.80831195
13.73731899 86.72760366
11.29284945 85.53702003
79.09476725 37.82181233
26.7373152 54.91472741
36.34079964 54.18606963
97.25485378 66.83961557
85.67578002 39.2112652
84.77091552 44.66044266
44.13201086 36.34744399
43.90366722 34.48115437
20.24689238 86.12988982
17.73859664 84.76258609
10.0822817 82.41904312
66.95982337 25.16716818
61.1343251 10.77887243
57.34016681 13.46854101
46.79351478 89.39117898
92.44135703 56.41393591
48.77955897 90.7281883
19.75942022 86.48774593
44.55028179 86.49964795
49.02412318 89.08880868
59.20048172 7.85926627
60.99696387 9.23254113
83.6353729 78.86285771
80.67473405 79.4704919
53.62222293 26.55003786
49.48845186 28.97692728
63.93648978 84.17075862
65.4031734 84.48818623
69.05120928 83.15439905
87.28899734 53.8196586
87.96704589 53.09264937
82.93045742 51.71284736
90.72493766 75.61488852
6.53974682 67.7088341
6.41431848 66.4207406
73.83695922 31.7905679
78.30276526 80.39663789
75.05963817 78.83948391
11.70934037 84.08157283
6.71568691 68.96882904
8.8011062 72.23627858
79.41019283 79.12853226
80.15658797 27.40089871
25.20665694 90.34392825
10.84592215 55.83262378
61.22729811 85.66361591
89.08686425 52.2501427
85.64757125 41.82930005
76.77685729 36.24475523
60.41345722 10.88447668
84.30025445 78.49273157
87.3986632 47.16819441
50.34945557 32.36216165
96.69040364 72.24213839
80.56719845 31.37152388
43.48459068 42.9805572
55.95901503 13.96702603
10.1390928 78.28617086
9.88320878 87.21759058
51.13994509 10.26900019
44.20106947 38.79118439
58.54259855 90.51949515
64.32990104 13.72065747
81.20743398 38.62042155
35.9616151 51.3778893
34.3321371 96.1973935
44.16043521 37.21808607
41.15956605 89.86944992
23.85077205 60.20670411
82.61903245 42.07809742
85.90390653 56.43188819
5.83743643 69.10097306
11.24550423 69.73457436
5.51388586 70.16821528
5.09568023 69.4338285
54.79933929 30.32623151
53.56785151 16.96760243
20.75922834 85.03566017
44.13076488 42.7285732
84.63012644 43.64453607
56.12806451 2.24632567
35.05215843 56.42118533
26.90043515 53.26103193
98.17844079 63.43336025
7.50120387 59.24971338
47.3958637 88.56185546
36.13184315 47.9955335
22.35020478 64.99194153
64.482883 18.80377408
8.76086203 84.54310282
65.43482672 20.99821416
13.84219923 72.8984461
12.30452063 55.89223818
13.03281443 61.18766453
64.52364425 71.85611932
23.30059669 94.67211949
40.84927093 48.17863751
52.35182972 21.89075888
56.30390007 81.12000476
28.80802707 91.07660663
70.31124217 26.14663801
22.82672285 92.64562576
11.04690418 87.61240297
68.43225885 84.35029093
63.6308568 21.41701387
67.47409586 84.30963658
89.08289341 77.40813204
81.57445503 78.2295902
96.8321572 69.54851168
44.99656517 88.83811365
24.8139339 89.55713967
90.75377001 53.503776
38.59172819 71.67505543
21.43485034 77.55200659
43.57659023 31.31855797
30.98726903 55.90362845
50.37143666 24.9048074
55.84023251 2.48651212
12.62468002 70.81232417
54.68259354 7.60858333
55.35926698 92.27349107
43.09433771 41.97976414
93.20716213 70.44707984
53.46131969 10.64147461
77.7713377 63.39517846
55.58864247 95.2126094
85.91686728 46.48603848
9.97475489 85.10231195
64.6757398 14.61918377
15.16011163 88.36589823
38.74567256 44.29688412
21.33431589 87.14399586
49.23777325 34.67367223
84.20178985 41.87760116
96.25122048 61.2098065
48.68605172 30.00916522
54.58059572 94.01649938
67.16807273 84.97567487
42.17673303 90.49133581
60.39044263 85.61337122
16.69268789 65.83021105
46.96200734 90.89864838
73.66067189 26.20629009
24.98536025 55.36309421
83.38013416 36.04134234
49.15870904 90.55727497
24.23583006 54.39198397
74.87473028 81.12738079
59.83505161 88.22841458
70.48580592 82.34011134
43.56237931 36.14558571
43.56432837 86.52851345
22.57422318 93.82507509
29.32161709 59.4704291
9.44898555 86.87582935
31.11890765 96.90004777
12.14950954 85.42012598
60.14920592 8.71534805
48.57482292 46.00745384
91.63380913 75.23127517
11.89639277 75.3665289
98.87091485 63.94861274
36.89608683 46.56495023
22.89563021 87.62730089
85.96982945 74.84269648
21.97690153 87.64691799
51.2750794 9.09941563
12.66045099 55.95440233
55.06753938 95.61609437
11.75236318 56.00797803
86.69344949 37.18912275
73.46073867 82.19126216
72.35836192 82.01710529
45.70539148 31.40056526
23.22150655 56.76373602
54.62880166 16.5209401
44.57961979 37.49683435
99.29470877 68.77170408
13.80370354 55.97781012
11.06027587 87.40047563
15.6297427 86.60776602
52.78925849 23.86689796
80.46375257 29.97493485
99.14326833 65.90290953
2.51965749 60.55655898
23.1100639 93.65062693
25.07859004 56.55541348
5.3129485 70.88732607
78.60069372 76.88744082
87.46618403 76.4231586
86.84451066 38.18664534
86.59373811 78.8272131
43.32526005 90.02857333
60.95651918 9.69540461
42.26721378 42.46993527
5.993719 57.91724461
64.91888181 20.972281
86.24093072 35.75024141
55.41510245 93.95682573
48.10665822 11.92670748
29.57052521 54.74582755
49.20483219 12.861689
22.7471466 94.6483564
68.30159681 25.58143251
44.61151072 90.5712208
46.71503271 91.21535425
88.94200992 46.54266034
61.60146475 86.31292217
41.46804081 88.29333161
72.85931083 25.47276032
96.34882929 60.18844698
30.80508278 52.13951879
79.07058362 75.49781087
83.71716153 77.19563576
71.49689645 25.28059685
84.01907597 78.9419362
52.75365248 16.06579108
47.54493803 10.10213562
26.69654814 93.64763274
66.57677314 85.10067895
17.10138736 58.52692371
33.92629781 90.11726017
94.24812968 73.4890231
86.3413017 77.79454413
45.24301284 29.27688242
0.51053493 62.85376677
53.73252242 4.95656985
37.35562696 47.58237703
66.66933133 84.54674886
52.43927329 5.10805361
40.00402208 44.54920137
77.77977232 27.32257848
33.64455511 93.09062926
50.78926862 13.1040074
36.44373062 49.61817766
42.16249193 88.01392815
47.73615723 86.66019284
19.9568728 60.35676667
49.18346144 27.13244517
46.87947929 30.56650091
98.73721322 63.0726456
53.76444601 19.14826484
63.83550095 13.03343774
17.96479589 57.97274062
8.62798852 72.05461839
90.29528539 75.98494377
99.67558877 67.39828989
76.69754636 79.99886963
3.35581243 58.888807
45.54658232 91.69728696
74.65267945 26.94909405
11.06549352 78.03701755
13.99066789 59.29558585
93.74224291 60.91658906
52.39535126 24.85486935
79.08785738 79.85382656
20.03148469 86.74537776
43.56687628 34.46198223
88.54369303 51.04379674
64.46176153 79.09462922
25.5611688 53.58934651
92.10108373 61.2448196
61.8215207 86.68696834
84.907235 33.62979044
44.03423322 38.44710353
10.34143242 76.89641302
88.67561618 45.14792193
87.74047458 43.90627009
88.81286962 48.69094523
88.82196818 49.71454918
65.74952879 22.76425476
67.74209491 23.15381136
21.87988891 59.98138188
58.36872176 8.47163257
62.59144466 11.98403174
28.9964392 52.84149003
29.57727586 52.841255
52.41149739 20.91220597
52.27373672 21.06832547
32.1295472 98.28585356
55.77986773 96.83937081
55.98067784 96.73043373
0.76720803 62.61487978
49.61720918 25.66465494
49.89455121 24.85285735
2.3590785 66.30173947
8.93354656 82.88230445
36.54592131 46.08025313
36.51552009 46.29124348
73.4904662 82.91208898
73.90559982 82.40665978
97.09008879 72.92747933
97.26648231 72.7945188
2.56527476 69.10308602
3.15374142 69.62105249
33.91469968 51.20155772
33.26183037 51.39542527
89.15770827 53.07674327
58.99959877 5.61890242
10.67927795 81.55844447
10.95497273 85.30880548
54.35183925 32.88324031
52.60359743 31.94861851
86.95393877 41.11162142
79.55894966 35.84702706
33.69142089 88.15064832
42.76275155 87.28423798
11.64574894 59.57115356
63.86971597 26.67091867
61.73897163 27.56669552
78.32001728 59.20214563
82.21231217 58.89123584
2.89312282 65.77034175
20.62435579 74.2703738
17.90578197 74.89770482
25.95459894 85.54291424
26.18762242 88.64864333
49.54543098 89.64548625
40.57193265 89.34473947
17.90034006 81.32984737
19.78932683 80.84372994
83.00387724 29.62190656
82.94316004 29.92695316
84.90465036 48.18662202
82.91163038 47.78739946
37.21727095 49.96434251
37.58101584 48.83624869
65.06553011 21.56001889
62.7783601 21.13857577
68.08330443 84.5318071
63.30539776 82.98433007
62.92758192 76.78364439
66.28802865 85.10700628
66.3340889 84.90138137
44.52369026 44.05362248
41.4618934 44.39301946
41.89325183 44.72600176
42.51291271 45.11410583
43.36406959 45.51293457
58.56589713 60.19349051
11.63936841 87.82490106
15.32561728 83.03145706
8.8866281 86.76576093
9.82480588 87.62396315
14.84597206 86.34932125
10.67046224 85.75425027
61.361662 11.36141238
58.76944148 7.28170356
57.33740444 7.69541615
13.55375701 88.20530768
10.57030633 87.53612247
9.65535326 87.06714073
10.84184797 87.03242329
13.24056961 83.44727537
9.53848806 87.51887957
9.26890084 87.34108474
11.33735871 87.58201827
11.16243027 86.162795
15.50414342 84.44676865
16.99066797 84.91389344
9.63867511 86.53434055
9.95401411 86.40722487
14.39958271 83.88326866
13.17613384 86.19138497
13.08661737 86.7153322
10.40059347 85.60397109
10.79060794 87.61522089
12.38244999 87.9293942
10.34945344 87.44191317
11.3228129 83.11761731
10.40117386 86.14131767
11.66348724 87.27115637
12.21342223 83.19816179
11.56600465 82.16077347
10.11315069 87.70195431
11.14698683 86.86325546
51.09664919 12.34156552
52.73688179 12.42109982
48.47681496 12.34720161
48.82902269 10.20636989
47.21727456 9.66239799
47.25502449 8.97375528
22.52494525 95.09783503
22.02596906 95.00445003
22.66243524 93.45636253
24.29305621 93.25264717
28.23475572 94.2241342
28.57148867 95.21500632
27.22394002 93.79449106
29.26326892 94.01423478
52.8212462 13.61758447
52.04346018 11.98841496
47.91130145 11.55635621
49.30270904 11.5510509
48.33849062 11.49196794
49.14566074 10.86424874
15.74868981 85.5289854
14.82155928 85.036249
10.85850116 87.45092101
10.19415024 86.97013596
12.98793658 87.18382653
13.2959432 84.79660882
48.20579149 12.22233715
47.67476596 11.14947352
50.03113964 13.51476645
50.58246555 10.86298032
31.53304195 91.71014815
30.34660789 91.82314626
30.22094631 96.27566935
27.74578261 93.98239421
30.84507056 96.40354392
28.8787231 92.22740354
9.45284431 72.26590222
8.38260628 71.81693919
62.99288731 12.37179679
62.61848085 13.75002967
84.33940598 79.05176264
13.43098563 55.98992398
10.45143946 55.8220371
40.82801747 88.65090635
45.81145869 90.00416745
56.21873897 95.57859722
56.16591247 95.24097399
57.4525187 92.56661324
58.35937552 89.25037371
56.35222963 93.07546096
56.75350353 94.60023302
72.83489806 29.74972504
75.69703716 33.63000889
75.51818364 31.69721623
74.15567106 26.8947247
74.03343528 26.46859083
11.95229261 57.69793255
56.14961505 94.4690813
46.21080736 87.43978309
47.4647371 91.55814471
57.39594848 88.90686407
41.40300132 86.4518547
63.54786735 18.78657068
61.31186925 22.2788292
66.834704 22.75910089
65.03249231 20.03426753
63.35761746 18.12314411
62.25207998 18.7352014
64.31465987 17.19003485
64.34735245 16.63604786
60.48197352 16.98644226
60.49813031 18.39257176
65.27229675 20.24129653
65.68112755 21.47035615
64.31428395 17.74621777
60.5754764 20.04543338
82.16822704 78.0518457
81.99452516 76.93046166
82.76527371 78.84716463
83.43322432 75.37892628
79.58634832 80.13990358
78.65281281 80.30124751
82.31124463 78.92071381
81.76048691 74.9226712
17.90003707 58.17731165
18.0313723 58.30894351
17.73618632 60.70742987
46.30266977 90.17352382
46.29747459 91.87570923
43.62140343 87.15176471
44.24485212 90.08475649
41.06504573 85.84809797
44.33019272 89.22769827
51.27781034 26.15612748
72.85906557 82.53407428
73.17952158 81.53877098
72.52412866 81.28791263
68.28507543 75.19240171
72.4390393 83.06675994
69.64174968 83.10380036
44.00374273 36.75166056
43.86959307 38.12106995
44.69158692 85.02852231
45.94039046 85.19029788
47.11794173 85.54957331
48.18481231 86.07229921
49.11764191 86.71861602
49.90759944 87.45029617
50.55554303 88.23484981
51.06692512 89.04586906
51.44797514 89.85995477
38.19903431 87.78915129
38.78976343 86.88737195
39.60698218 85.98941665
40.66858185 85.19079463
41.93769644 84.58633501
43.3394137 84.23759357
44.79054217 84.16755349
46.21211343 84.37005391
47.53466854 84.81475892
48.70722331 85.45160494
49.70452124 86.22335324
50.52300309 87.07831006
51.17143 87.97599159
51.66242544 88.88673725
52.00611951 89.78751764
37.67746846 87.59034529
38.21614425 86.5459805
39.04348408 85.46031909
40.19944296 84.46893049
41.63683954 83.71356221
43.24771657 83.28146398
44.91877553 83.20051334
46.54546682 83.46045943
48.03452788 84.01809459
49.31959294 84.79945748
50.37633049 85.72250659
51.21218446 86.71898236
51.84862929 87.7409315
52.3081306 88.75800104
52.60435799 89.7525555
37.10797472 87.4370181
37.55978121 86.22822014
38.37725552 84.90662247
39.63903596 83.66677813
41.28378611 82.7220229
43.1506298 82.19220444
45.08756668 82.10562434
46.95949968 82.44615756
48.64043384 83.15454938
50.04184484 84.12032444
51.14662364 85.22557159
51.98289056 86.38270197
52.59138595 87.53840942
53.007404 88.66485587
53.24677034 89.75737675
36.48902072 87.34536535
36.80314261 85.94949934
37.5796542 84.32594592
38.96234204 82.7608468
40.87057725 81.579476
43.05292854 80.93902544
45.31174279 80.8560778
47.47927565 81.30840026
49.38305179 82.22056947
50.89835707 83.42379978
52.02950109 84.74732473
52.84142672 86.08367308
53.40251589 87.37933869
53.76384812 88.61106357
53.94026907 89.79803718
35.82141404 87.33414948
35.92271802 85.73139543
36.6103272 83.71261363
38.13398586 81.71458417
40.39147647 80.24210841
42.9631628 79.4844134
45.60990461 79.41890727
48.13728888 80.02308047
50.30477212 81.21554403
51.918529 82.72795747
53.03783322 84.3099117
53.79056498 85.84091845
54.28226296 87.27844451
54.582064 88.59866573
54.69928525 89.85581775
34.38121651 87.6781718
33.62583936 85.60687601
33.88821657 82.32812426
35.75874145 78.9243109
39.27529685 76.73140393
42.87250219 75.79673791
46.51301637 75.80838249
50.03499061 76.85336128
52.97035106 79.02102699
54.58867052 81.49308464
55.4502189 83.69492304
55.92796245 85.62382002
56.22044746 87.35364482
56.41495203 88.71275109
56.53680491 89.82139354
48.1271629 91.97978332
48.46659047 91.85164823
48.84203806 91.75209314
49.17846953 91.6991868
49.52346843 91.67042951
49.88542959 91.63838701
50.25597555 91.58894292
50.6340827 91.50657459
51.02565635 91.41711999
51.43308963 91.37402156
51.85528425 91.3722714
52.28484605 91.43380704
52.723732 91.54969924
53.16528498 91.72784486
53.60117238 91.97878229
53.95936151 92.29249903
41.53950583 90.72876058
41.29693041 90.57266111
41.01361263 90.38832556
40.70915887 90.18518821
40.38934051 89.97524905
40.05644056 89.76320175
39.71168333 89.55409374
39.35482346 89.34885551
38.98524292 89.15018628
38.60146996 88.95992706
38.20050288 88.78218179
37.77816231 88.62830262
37.33691995 88.51998137
36.8757449 88.45918007
36.40213613 88.46389399
35.92144585 88.53479312
41.9647822 90.81287104
42.28733096 90.77634427
42.64405048 90.76715775
43.01309682 90.76969404
43.38892044 90.76360133
43.77054715 90.77348326
44.13467637 90.8531626
44.50281031 90.96006049
44.90471883 91.08423373
45.31092648 91.20034148
45.71323138 91.30969008
46.10881628 91.42079747
46.49363537 91.54031478
46.86106567 91.66855808
47.20482586 91.80824395
34.98707044 88.91104317
35.11167325 87.43035126
34.88374523 85.60427812
35.40997241 83.05431535
37.09921005 80.46893805
39.84952246 78.65123157
42.89568215 77.78511446
46.00346488 77.75342316
48.97405116 78.55619873
51.46751344 80.14430381
53.13654878 82.0651618
54.17948211 83.94505678
54.82565326 85.67864092
55.22607218 87.25783246
55.46754285 88.62992112
55.56004825 89.88653624
56.64059936 90.81477159
47.80522521 91.75864284
48.12230992 91.57366392
48.46703621 91.41263074
48.81905076 91.27964508
49.17730995 91.16632562
49.55016145 91.06317828
49.939638 90.96295616
50.34699401 90.8616467
50.77538472 90.76560674
51.22768453 90.69100541
51.70563285 90.64909339
52.20866279 90.65083689
52.73836436 90.7021274
53.29719412 90.80901538
53.89081714 90.9769056
54.52858759 91.18805259
47.80433973 92.15562355
54.2346528 92.70993242
41.71734503 90.86851338
35.44546649 88.67902064
47.51906567 91.96696694
55.27336021 91.3955908
43.58670581 35.19905611
44.24417584 35.27761236
46.36197402 33.37242935
45.99491897 34.37189332
46.91477216 36.67858752
44.08859225 37.51943548
44.03169592 37.36861998
45.28148916 35.27022376
55.3291921 1.06051328
54.99157936 0.8179491
54.63471922 0.63690728
56.41222273 2.36173823
56.51329771 2.75545252
56.64050217 3.18651685
56.7942365 3.59308712
56.36283235 2.06136209
56.09991185 4.53903471
53.99708858 3.75836788
54.35071049 4.10309682
54.77361239 4.47932307
55.3477282 4.89428959
56.38245568 5.39878072
101 1909 1912 581
1909 1088 1910 1912
1912 1910 1087 1911
581 1912 1911 102
1147 1913 1917 1916
1146 1913 3074 1618
1917 1914 70 1915
1916 1917 1915 1053
3866 2946 2363 1533
3853 802 322 1928
3862 328 807 3087
3408 2329 2330 1918
1389 1920 1923 1922
1920 1388 1921 1923
1923 1921 162 641
1922 1923 641 161
3863 2273 2976 3862
1928 322 801 2353
2031 1924 2596 2219
3862 2976 808 328
3866 1533 1307 3865
3864 3863 1336 1924
3866 1801 2233 2946
1929 2597 2329 3408
1666 1797 379 858
2984 375 854 1829
1665 376 855 2540
2986 3421 1094 2400
3586 829 349 2691
3561 1973 2731 2692
1781 3003 3005 3573
3572 2680 1416 1232
1988 3196 972 1097
2508 3804 3803 3387
2623 1502 2855 2630
2197 81 560 1741
557 2198 558 78
2198 3565 79 558
1240 2060 1332 1744
1121 1938 1941 1940
1938 290 769 1941
1941 769 289 1939
1485 1241 2871 3174
336 815 1944 816
815 335 1942 1944
1944 1942 1390 1943
816 1944 1943 337
1499 3511 3056 3287
1877 159 638 1947
1947 638 158 1945
1946 1947 1945 1017
1363 3249 3778 3779
976 2543 2598 1948
1753 2382 3775 3776
2631 3602 2483 2346
278 757 1951 1814
757 277 1950 1951
2921 2262 2261 1691
1305 2729 3364 1690
657 1955 3472 178
3472 3353 1660 1952
1954 1953 1074 1604
659 1954 1604 180
2592 1417 173 652
659 179 1075 1954
1955 657 177 3471
1664 1870 3656 1871
1771 1770 2807 2244
1771 2123 2771 3405
2807 1794 2808 3092
1959 1387 1795 2255
914 1960 1959 435
3077 916 436 1593
1359 1594 3325 2256
3543 3542 520 40
3540 2718 3541 1629
3547 2967 519 39
3509 3631 1456 1895
1106 1962 1965 1964
1962 208 687 1965
1965 687 207 1963
1964 1965 1963 1107
433 912 1966 1602
912 432 1872 1966
1966 1872 1360 1594
1602 1966 1594 1359
1297 1967 1970 1969
1967 145 624 1970
1970 624 144 1968
1969 1970 1968 1415
2029 2166 2389 1737
2188 352 831 2460
1731 1933 3560 1233
1818 3562 1932 3563
58 537 1976 1975
537 57 1796 1976
521 3524 522 42
3549 528 48 2719
163 642 1978 643
642 162 1921 1978
1978 1921 1388 1977
643 1978 1977 164
1979 2945 1065 3480
2991 313 792 3017
1979 3480 315 794
3194 2367 2931 1382
3783 3782 114 593
2734 3390 3601 1821
1616 2107 127 606
3786 3785 592 112
2770 1354 681 201
3397 3598 195 674
1985 679 199 1710
1984 1985 1710 1414
3447 1851 2205 1130
1011 2482 1293 2738
3776 3775 597 117
2617 3488 1055 3083
3777 3776 117 596
1990 3502 1521 2184
3190 1434 3438 3199
3146 1119 1650 3313
2498 964 963 3191
2710 306 785 2472
3597 2473 2977 1081
1993 783 303 1558
1992 1993 1558 3310
1125 1875 1415 1712
3333 3647 3488 2617
3606 1574 2621 3618
2346 2483 2727 1014
2559 2314 942 462
3349 3274 455 934
2824 1655 1220 1652
2083 1219 1364 2662
1763 1587 712 232
3197 237 716 2511
2208 238 717 2675
2210 718 238 2208
1106 1545 2002 1962
1545 1313 1791 2002
2002 1791 209 688
1962 2002 688 208
2951 1198 871 391
871 1198 1881 392
3248 3851 1373 3157
1614 1615 3658 3188
1996 2008 3599 2286
1655 2022 2021 1220
460 939 2084 2021
3614 2558 2664 2082
1323 2010 2011 1750
2010 124 603 2011
2011 603 123 602
1750 2011 602 122
1328 2012 2014 1561
2012 1252 2013 2014
2014 2013 406 885
1561 2014 885 405
3463 2015 623 143
3462 622 142 1712
623 2015 1968 144
3463 1415 1968 2015
1227 1380 1987 2966
3648 1995 2024 2108
1936 3350 620 140
1632 2516 628 148
331 1808 2019 811
1808 1291 1527 2019
2019 1527 1290 2018
811 2019 2018 332
1468 2663 1467 1996
2662 1364 2022 1655
1652 3226 1202 986
1364 461 940 2022
1590 3795 3794 1949
3793 599 119 3792
3418 2135 3044 1847
3803 3646 2541 3802
384 863 2027 1522
863 383 2025 2027
2027 2025 1223 2026
1522 2027 2026 1224
1680 2189 344 823
2388 1298 2461 1973
2458 3585 825 345
1817 338 817 2288
2273 3408 1918 2976
2030 321 800 3860
1421 1926 797 317
3865 1307 1925 3864
35 2032 2034 515
2032 1070 2033 2034
2034 2033 1141 1459
515 2034 1459 36
2979 1404 2066 2538
2537 1005 1844 1008
3070 2548 2550 2547
2035 3127 663 183
2038 325 804 3855
3855 803 323 3854
1307 1581 1929 1925
3195 1636 2523 1315
84 2040 2043 564
2040 1375 2041 2043
2043 2041 1371 2042
564 2043 2042 85
3614 2082 2009 2083
3274 2020 935 455
1838 1425 2555 1826
1467 1997 3274 3349
107 586 2048 1790
586 106 2046 2048
2048 2046 1407 2047
3403 1790 2502 2503
1705 2649 3437 2650
1079 671 191 1077
2196 3091 3346 1362
1770 2760 1794 2807
3568 1243 2469 2716
3570 3591 2831 1626
2134 2833 1530 1531
2306 3400 1371 2830
957 477 1693 2053
1184 2161 958 478
1606 2437 1046 3096
2340 298 777 1462
1122 2990 1366 3036
3510 3286 2348 1327
3522 527 47 1628
3544 3523 2718 3540
2888 2149 2057 1492
3120 1796 3362 3526
3384 2197 1741 1490
3566 3334 555 75
3567 2417 2061 2073
2224 3035 1743 1477
1223 2063 2065 2064
2063 381 860 2065
2065 860 380 1798
2064 2065 1798 1396
3636 193 672 3640
2980 1079 1077 2245
1529 366 845 3436
2666 2068 2530 1194
2392 3465 850 370
3651 2163 2535 2666
407 886 2070 887
886 406 2013 2070
2070 2013 1252 2069
887 2070 2069 408
1353 2186 1578 2554
3642 1019 1786 3425
1854 1471 2657 3275
3434 1854 3275 1473
1493 3566 75 554
3567 1375 2040 1489
1744 1332 77 556
1742 83 562 1698
1020 1683 924 444
3644 2866 1683 1020
1020 444 923 3419
1427 1576 1787 2076
2839 711 231 2077
2939 1265 2659 1144
1570 2246 3316 2247
2677 1339 713 233
1383 2079 2081 2080
2079 1061 1443 2081
2081 1443 429 908
2080 2081 908 428
3829 3828 3327 1824
3797 601 121 3796
3614 1468 1063 2558
1219 941 461 1364
939 459 938 2084
2008 3349 934 454
3019 1506 3290 2371
3474 1330 3011 2507
694 214 3474 2507
2371 3290 1254 3018
2555 2704 926 446
1826 2555 446 925
2088 1826 925 445
3425 1786 927 447
1677 219 698 2090
1182 3012 2507 3011
3018 1254 2641 2090
1368 2091 2092 1747
2091 291 770 2092
2092 770 290 1938
1747 2092 1938 1121
1553 1891 1890 2829
1250 2446 737 257
253 3449 2093 733
3186 2578 2580 1569
2094 1450 413 892
2094 1803 1143 1450
2268 3412 1811 3113
3099 2779 2098 3098
3401 3514 3515 1784
1092 1986 3129 1259
2456 509 29 2556
1092 1367 2099 1986
2227 363 842 3279
2100 359 838 2101
2101 838 358 1834
2758 2957 2993 2958
423 902 2104 1765
902 422 2102 2104
2104 2102 1126 2103
1765 2104 2103 1101
3437 2105 1503 2139
3634 3640 1361 3289
1361 192 671 1079
665 3135 2037 186
2739 3617 2508 1908
1083 3323 2740 1257
1257 2740 1573 3645
2107 1015 607 127
1870 3652 1613 3656
1319 648 168 3319
1023 3441 3513 1242
3098 2176 3657 3210
440 919 2114 2113
919 439 2111 2114
2114 2111 1109 2112
2113 2114 2112 1110
289 768 2116 1939
768 288 1772 2116
2116 1772 1120 2115
633 153 2117 2118
2623 2632 1675 3606
1057 3581 3240 3533
2172 3526 2722 3180
3106 1057 3533 3336
2973 3342 1637 2204
1771 2244 2759 2196
3214 205 684 3427
2229 2122 1354 2770
3288 682 202 1840
263 1725 2127 743
1725 1099 2125 2127
2127 2125 1098 2126
743 2127 2126 264
1692 2216 2128 2194
2600 1386 3365 2129
2000 3435 1874 2257
2131 2708 2781 1188
3592 2895 2894 2651
2050 3570 3400 2306
2616 3591 3570 2050
3588 1407 2393 2235
3281 1177 1189 1484
1371 3400 2655 2042
1196 2235 2707 2715
3650 3122 2965 1528
3827 3826 1011 3198
2403 1044 976 1266
1755 1653 1227 3616
2138 3219 2322 3070
3205 670 190 1767
1596 2049 1175 1504
1705 2650 1860 3126
1061 2140 2141 1442
2140 1360 1873 2141
2141 1873 431 910
1442 2141 910 430
520 3542 2462 41
2120 2143 1686 2887
3583 3338 2059 3121
1974 1115 2142 3552
3488 2144 3417 1055
3804 2542 3646 3803
2470 3386 1995 3648
2135 1755 3616 3044
1338 2078 2963 2566
707 227 1831 2146
1444 3422 1832 3265
2241 1998 2258 2818
1085 2192 1244 2893
1696 2148 1150 2687
3546 3582 1961 1625
3240 1684 3525 3536
3578 1976 1796 3120
2150 3538 3284 3361
261 1659 2153 741
1659 1102 2152 2153
2153 2152 1099 1726
741 2153 1726 262
3601 3123 3500 2214
2619 1936 140 619
3825 3824 2739 2482
2582 1869 3228 2157
1515 3166 1111 2369
2334 1206 2584 2583
2668 2843 2667 3024
2006 1309 3151 1399
2164 1614 3188 2413
1372 3358 2928 2412
3850 1372 2412 1406
1799 3173 3464 2161
1800 2970 1185 2741
2539 1 480 3407
1272 2665 2529 3298
3651 2913 2531 2163
2163 2162 1858 1271
2666 2535 2391 2068
1406 2412 3659 1881
2165 2929 1672 2005
2929 1673 1865 1672
1180 1674 1673 2929
2243 1403 1972 2572
1973 2461 3399 2731
2460 831 351 2389
1310 3563 819 339
38 517 2168 1555
517 37 1460 2168
2168 1460 1141 2167
1555 2168 2167 1142
1756 3320 2382 1753
3603 2618 1297 1969
3121 3220 3554 3535
2886 1039 1115 1974
3544 3535 3154 3523
1990 3259 2499 1564
1664 1871 2591 2206
1956 656 176 1613
3056 169 648 1319
1662 2590 1374 1417
984 2177 2180 2179
2177 418 897 2180
2180 897 417 2178
2179 2180 2178 985
1341 2181 2183 2182
2181 55 534 2183
2183 534 54 1560
2182 2183 1560 1123
1118 2718 3523 1258
1565 2185 3145 1434
1650 64 543 3313
1563 3199 61 540
1279 3402 1837 1838
1853 2072 1577 2705
2554 1578 451 930
2242 3383 1933 1731
3573 3559 1059 1679
3577 2388 1973 3561
1972 2692 1681 2624
2148 3266 2301 1150
1497 946 466 2689
2335 2816 1845 2193
2789 2299 2148 1696
1386 1692 704 224
2129 1639 2642 3185
3365 703 223 1640
2244 2807 3092 3232
2244 3232 1775 2759
2808 196 675 1348
1711 198 677 1774
3367 1477 3334 3566
1477 1743 1699 3334
3565 1201 559 79
3615 2199 3608 2690
1262 3604 3603 1875
1297 625 145 1967
2505 2200 487 7
1230 2203 2744 2812
2436 2504 485 5
2504 2815 6 485
1638 1334 1304 2806
1714 1056 2457 3433
3129 1986 1056 1714
27 1377 1740 507
2780 1662 1417 2592
3354 2593 3652 1870
1343 2592 652 172
3656 655 175 1871
1516 1207 3252 3132
1173 1515 2841 1104
3461 1199 2211 2212
574 2212 2211 95
3461 2212 574 94
3782 3781 594 114
2966 1987 1754 2145
3799 1750 122 3798
3792 119 598 3791
160 1876 2215 640
3389 1877 1947 1946
640 2215 1922 161
1639 1253 2643 2642
3343 2195 3265 1832
1145 1508 3392 1764
2600 2602 2128 2216
2802 2487 2387 3168
3609 2488 3217 3039
1849 3040 1311 3034
1691 2261 3224 2372
1581 1537 2597 1929
3866 3861 2221 1801
3095 1052 2272 2975
996 3262 3856 3857
52 531 2223 532
531 51 2222 2223
2223 2222 1123 1559
532 2223 1559 53
3035 3384 1240 1743
3283 1493 554 74
2224 1476 3277 3035
2993 2953 1857 3363
1037 3279 1687 1136
2376 1036 1222 2226
1354 1840 202 681
2772 1647 2229 1707
3082 3214 3427 1500
3371 1247 1647 2772
474 953 2231 954
953 473 1846 2231
2230 3430 1845 2816
954 2231 2230 475
978 2220 2787 1052
1925 1929 3408 2273
2234 796 316 2232
2233 2234 2232 1065
3589 3588 2235 1196
3400 3570 1626 2655
1243 2468 3569 2469
1483 2652 2609 2468
1126 2102 2238 2237
2102 422 901 2238
2238 901 421 2236
2237 2238 2236 1420
2737 1836 997 1992
1209 998 1836 2737
3620 2440 3270 1723
3510 1365 1463 3286
1149 3197 2511 1072
3142 2820 714 234
2678 2667 2210 2208
3435 2241 2818 1874
1298 3585 2458 2461
2459 3586 2691 1402
2189 1730 824 344
1935 1310 339 818
2253 2889 1861 1793
2139 1503 188 667
2247 3316 1108 2601
1508 2839 2077 3392
2601 1108 709 229
1587 2677 233 712
3099 3098 3210 1340
3099 1584 1579 2779
1805 1024 1381 2983
2251 2956 2295 2296
3494 1084 3467 2815
2813 2252 2200 2505
2891 189 668 3638
2650 3437 2139 3639
2105 2891 3638 1503
3640 672 192 1361
2256 3325 1701 1387
1668 437 916 3077
2255 1795 3077 1593
434 1603 1960 914
2240 1856 1586 3093
3015 2601 229 708
1763 232 711 2839
357 836 2260 1833
836 356 1431 2260
1833 2260 2259 1068
2921 1691 2374 2964
1950 277 756 2262
2262 756 276 2261
2612 1301 1270 3611
1183 1843 2264 2263
1843 221 700 2264
2264 700 220 1678
2263 2264 1678 1181
3 482 2267 483
2 2265 2267 482
2267 2265 1046 2266
483 2267 2266 4
404 883 2269 1562
883 403 1812 2269
1562 2269 2268 1328
382 861 2270 862
861 381 2063 2270
2270 2063 1223 2025
862 2270 2025 383
2462 3336 1287 3524
2886 2174 2119 1039
1638 504 24 1334
1930 805 325 2038
1533 1051 1581 1307
979 3095 2975 1438
3854 323 802 3853
3595 3426 19 498
2940 2910 1454 1453
1325 2907 2910 2940
2910 2276 1003 1454
269 748 2278 2277
2754 1736 1284 1269
1410 2914 1810 1809
1866 2377 751 271
2280 2279 1420 3478
898 418 2177 2281
2281 2177 984 2279
2281 3477 419 898
99 578 2285 2284
578 98 2282 2285
2285 2282 1089 2283
2284 2285 2283 1088
1997 3351 2020 3274
1468 1996 2286 1063
2703 2187 1682 1353
2007 2824 2045 2663
2190 2459 1402 1934
817 337 1943 2288
2288 1943 1390 2287
2389 351 830 1737
2773 1500 1841 1634
2228 2770 201 680
3405 2771 1246 1984
3081 2937 2936 2290
1066 2291 2293 2292
2291 374 853 2293
2293 853 373 1828
2292 2293 1828 1067
2294 490 10 3475
2296 3475 10 489
2296 489 9 2251
1424 1762 2298 2297
1762 285 764 2298
3032 1745 281 760
3030 2611 3108 3107
1696 2687 1001 2627
2192 2892 1245 1244
2191 471 950 2686
3377 468 947 1086
1151 2147 2302 2301
2147 465 944 2302
2302 944 464 2300
2301 2302 2300 1150
69 548 2305 549
548 68 2303 2305
2562 3497 2560 1441
2305 2564 70 549
2338 2454 577 97
2052 3337 2895 3592
2833 3590 2832 1530
1783 3067 1089 2708
3277 561 81 2197
959 1619 2354 2355
1308 876 396 989
1435 3376 398 877
463 942 2314 2313
1219 2559 462 941
2084 938 458 3600
3600 458 937 3226
1401 2315 2317 2316
2315 333 812 2317
2317 812 332 2018
2316 2317 2018 1290
2303 68 547 2318
2864 1322 1859 1645
3498 2304 1049 1322
2319 2320 425 904
425 2320 3458 905
2319 904 424 1766
1102 1658 2321 1568
1658 260 739 2321
259 3372 2321 739
1709 1568 2321 3372
2138 2537 2035 3219
182 1657 3062 1880
1335 2323 2325 2324
1887 1334 24 503
2324 2325 502 22
1252 2326 2328 2069
2326 1379 2327 2328
2328 2327 409 888
2069 2328 888 408
330 809 2330 1807
2220 327 806 2787
1533 2363 3530 1051
1807 2330 2329 1291
251 730 2332 1889
730 250 1757 2332
2332 1757 1112 2331
2829 1890 3448 2331
2156 3165 719 239
2584 721 241 2343
1281 2686 2688 1720
2193 1845 472 951
1244 1245 1722 2299
353 832 2337 1779
832 352 2188 2337
2337 2188 1416 2336
1779 2337 2336 1398
96 575 2339 576
575 95 2211 2339
2338 97 576 2339
1199 3461 2452 2874
3626 300 779 3632
1895 1456 2349 3452
1461 1122 3036 1169
3286 1463 1724 1208
1104 2841 2585 3440
2843 2156 2210 2667
1173 1205 3166 1515
1868 1278 3131 2342
1980 2932 1636 3195
3203 1064 967 968
3171 1289 2360 2620
3801 3431 1323 3800
1511 2145 1600 3647
2016 1949 2817 2726
2348 2439 2784 2736
3633 3037 3621 1457
3632 779 299 2440
3628 1215 2782 2785
1179 2003 2351 2350
2003 386 865 2351
2351 865 385 1523
2350 2351 1523 1224
2788 1532 1919 1164
2974 326 805 1930
1538 2788 1164 3139
1051 3530 2362 3301
535 1341 1685 56
536 56 1685 3362
1796 57 536 3362
1146 1914 1917 1913
2062 2224 1477 3367
2355 2354 71 550
1914 2355 550 70
1112 1758 2358 2357
1758 249 728 2358
2358 728 248 2356
2357 2358 2356 1111
2754 1269 3485 1599
1821 3601 2214 2155
1293 1908 3323 1083
1617 1948 1238 3123
1082 791 311 1064
3244 1902 784 304
1582 312 791 1082
1980 2604 2345 2932
438 1667 2364 918
1667 1397 1700 2364
2364 1700 1109 2111
918 2364 2111 439
265 744 2366 1879
744 264 2126 2366
2366 2126 1098 2365
1879 2366 2365 1105
2932 3016 1901 1636
2604 2992 2362 2368
2367 3375 1280 2931
2978 2603 3203 3375
248 727 2370 2356
1892 726 246 1893
1892 3450 247 726
2356 2370 2369 1111
1482 3235 2397 1418
2085 696 216 2089
1292 1482 1418 3042
2090 2641 1181 1677
2372 274 753 2375
2375 753 273 2373
2728 1296 2723 1295
2952 1400 965 2968
2225 2969 2376 2757
3045 2757 1400 2952
2515 1866 271 750
2373 273 752 2378
51 530 2380 2222
2119 3534 2904 3080
2859 3547 39 1554
2222 2380 2379 1123
1760 3171 2620 1512
1573 1510 3172 3025
1131 2726 1756 2634
2347 2674 1015 2107
151 630 2385 2384
630 150 2170 2385
2385 2170 1071 2383
2384 2385 2383 1054
2297 2298 3324 1331
1029 1030 1312 3040
1544 2386 2728 1295
3610 1031 2801 3230
3577 3575 1738 2388
3399 1730 2189 3562
3415 2029 1737 1060
3575 2242 1731 1738
2068 2391 2390 1272
2068 1272 3298 2530
2067 1194 367 846
2162 2533 2292 1067
1407 2046 2394 2393
2046 106 585 2394
2394 585 105 1815
2393 2394 1815 1409
1378 2395 2398 2397
2395 212 691 2398
2398 691 211 2396
2397 2398 2396 1418
2481 3369 15 494
3255 3256 3253 1225
3221 3253 1226 3215
1572 1273 1256 2987
2401 1665 2540 3317
2518 1396 1797 1666
2986 2400 1830 1931
1995 3797 3796 2024
3390 1617 3123 3601
3831 3830 1575 977
2727 2470 3648 3122
1140 2404 2406 2405
2404 1409 1816 2406
2406 1816 104 583
2405 2406 583 103
1694 956 476 3366
955 475 2407 2409
2409 2407 1162 2408
1694 3366 2409 2408
1087 2410 2411 1911
2410 1140 2405 2411
2411 2405 103 582
1911 2411 582 102
2928 1882 3242 3446
1882 1337 2160 3242
3188 3658 1864 3332
3156 3332 390 869
2514 501 21 1408
1777 2275 3163 2908
2941 3254 3300 1235
2276 3221 3215 1003
3508 1820 2416 1802
1820 415 894 2416
2416 894 414 1451
1802 2416 1451 1143
1161 1937 1619 959
2417 2062 3367 2061
1161 959 1146 1618
1476 82 561 3277
182 661 2419 1657
661 181 1605 2419
2419 1605 1074 2418
1657 2419 2418 1148
1683 2088 445 924
2420 2421 443 922
1786 1588 448 927
335 814 2423 1942
814 334 2422 2423
2423 2422 1391 1651
1942 2423 1651 1390
1017 1945 2425 2424
1945 158 637 2425
2425 637 157 1608
2424 2425 1608 1018
1865 3439 388 867
3421 2426 2746 1094
3446 3242 873 393
3355 2519 1273 1572
1107 1963 2429 2428
1963 207 686 2429
2289 1634 1247 3371
1635 3341 206 685
1378 2430 2432 2395
2430 1330 2431 2432
2432 2431 213 692
2395 2432 692 212
1478 879 399 878
2311 1811 402 881
2835 1633 991 2778
1191 1190 2881 1488
1045 2436 2438 2437
2436 5 484 2438
2438 484 4 2266
2437 2438 2266 1046
2709 3620 1723 1365
2737 1992 3310 2055
3509 3378 3272 3631
3468 2441 514 34
514 2441 2032 35
3468 1070 2032 2441
3192 2497 1069 2444
3332 1864 870 390
1277 1168 1487 1135
1373 3851 3850 1406
1069 2442 2445 2444
2442 32 511 2445
2445 511 31 2443
3481 2858 3192 2444
258 737 2446 1708
2917 3261 2916 1597
1569 2580 2152 1567
292 771 2448 1897
771 291 2091 2448
2448 2091 1368 2447
1897 2448 2447 1366
1085 2893 2763 1163
1720 2688 1697 3377
3266 2689 1151 2301
2231 1846 3430 2230
341 820 2449 821
820 340 1971 2449
2449 1971 343 822
821 2449 822 342
1418 2396 2451 2450
2396 211 690 2451
2451 690 210 1792
2450 2451 1792 1313
98 577 2454 2282
2308 2452 573 93
2452 3461 94 573
2282 2454 2453 1089
3237 1719 1435 3303
2310 3516 3260 2834
2506 1540 2455 2434
2457 2556 2557 1739
3531 50 529 2271
2443 31 510 1367
1679 1059 2166 2029
1402 2691 3383 2242
2243 2572 2573 2571
1932 1680 1971 340
3259 1991 3190 2499
538 58 1975 2463
3259 1433 1862 1991
1628 47 526 2856
1383 2080 2465 2464
2080 428 907 2465
2465 907 427 1904
2464 2465 1904 1392
287 766 2467 1773
766 286 1761 2467
2467 1761 1424 2466
1773 2467 2466 1120
3591 3568 2716 2831
1299 2653 1091 1177
2607 2712 1483 3571
3569 2133 568 88
1510 3801 3800 3172
1987 3291 1518 1754
3124 2673 1601 1423
1859 1050 67 546
3345 1649 1119 1644
2669 3498 1322 2864
1835 2525 2527 1903
1081 2977 3424 1902
1835 3060 1901 2525
1081 1902 3244 997
3460 2475 841 361
3459 840 360 2474
3460 1136 1687 2475
841 2475 1687 362
2477 1809 267 746
746 266 1878 2477
2477 1878 1105 2476
1410 2476 3162 3161
1379 1642 2479 2327
1642 1007 2478 2479
2479 2478 410 889
2327 2479 889 409
3369 2399 495 15
2481 494 14 493
2480 2481 493 13
3828 3827 3198 3327
2359 2137 1822 2543
3386 3798 3797 1995
441 920 2486 1898
920 440 2484 2486
2486 2484 1132 2485
1898 2486 2485 1133
1746 1029 3040 1849
3324 284 763 3613
2386 3168 1300 2728
13 492 2491 2480
492 12 2489 2491
2491 2489 1012 2490
1384 2480 2491 2490
1432 1670 3357 1431
834 354 1778 2492
2492 1778 1398 1670
1432 3258 2492 1670
156 635 2493 1607
1822 2016 2726 1131
155 2632 2493 635
1676 2118 3243 1574
985 2178 2495 2494
2178 417 896 2495
2495 896 416 1819
3508 3507 3416 1820
2497 33 512 1069
2496 2497 3192 2551
2496 2551 1070 3468
2463 963 59 538
1565 3146 3313 2185
1990 2184 1433 3259
1991 1565 1434 3190
1401 2500 2501 2315
2500 1391 2422 2501
2501 2422 334 813
2315 2501 813 333
2817 3793 3792 3320
2502 1790 2048 2047
1047 108 587 3403
1626 2831 566 86
2815 3467 486 6
1230 2812 2924 3066
1230 3066 2954 2202
2761 1541 1557 1168
2576 3049 3278 2433
2434 2455 1478 3376
2455 400 879 1478
2371 3018 218 697
3473 693 213 2431
2199 627 147 3608
3320 3792 3791 2382
1352 1025 1044 2403
3023 3443 2658 1469
2819 1072 1856 2240
3023 1149 1072 2819
3845 3156 869 389
2512 1566 3439 3189
3155 1830 2927 2950
1399 3151 395 874
1335 2324 2514 2513
2324 22 501 2514
3426 3222 499 19
2275 1839 2415 3163
1173 2842 2344 1426
1515 2369 1114 2841
3212 1103 3167 3211
1104 3440 1869 2582
2964 2374 2923 2729
2377 1867 272 751
3504 2277 2377 1866
270 3503 2515 750
3350 3307 1262 1654
3615 2169 1632 2199
1448 3333 2617 2381
3387 3803 3802 2509
2927 1093 3234 2950
2747 2532 1028 2427
1154 1180 2929 2165
2982 1024 1805 3208
2249 1499 3287 1883
3287 3056 1319 1884
3209 2581 1346 2248
3469 890 410 2478
2095 891 411 3470
2095 2096 412 891
412 2096 2094 892
1620 73 552 2522
2061 3367 3566 1493
2522 552 72 551
2354 2522 551 71
3059 998 2783 2785
3016 1717 3231 2605
997 3244 1993 1992
3202 3529 1981 2991
2391 2535 3465 2392
2163 2531 2533 2162
3651 2666 1194 2067
2953 2994 3206 1728
3466 2534 849 369
1271 1858 851 371
2533 2531 1028 2532
2292 2533 2532 1066
3651 2067 1529 1195
2534 2392 370 849
848 2529 3466 369
2162 1067 1827 1858
3635 3634 3289 3134
2254 1957 3223 2890
2138 2595 2049 1080
2979 2538 1255 3429
2053 1184 478 957
3173 2539 3407 3464
2265 2 481 3097
2427 1028 2912 3014
3141 2985 1093 2927
3355 2986 1931 1302
3646 1236 2672 2541
3646 2542 1589 1236
2672 1236 605 125
3617 3805 3804 2508
1200 1621 2546 1526
1621 1288 2544 2546
1274 2544 2766 1702
1734 3382 2846 1033
992 2547 2550 2549
1255 3128 185 664
3210 3657 1073 1344
2549 2550 1474 990
1141 2033 2553 2167
2033 1070 2551 2553
2553 2551 1058 2552
2167 2553 2552 1142
3360 453 932 1062
3434 1473 2664 2948
1425 3643 2704 2555
1577 1063 2286 2865
1092 3481 2443 1367
2099 30 509 2456
1986 2099 2456 1056
3130 3129 1714 1376
2007 2662 1655 2824
2704 3643 3642 3425
2020 2044 456 935
2865 3360 1062 1021
2564 3225 1915 70
2943 1514 1053 1513
2304 3177 3292 1049
1446 2566 3265 2195
1265 2602 2600 2938
3316 1145 1764 1108
1339 3142 234 713
1213 1470 2570 2569
1212 1214 1507 2660
2840 3304 1212 2660
2569 2570 2568 1249
3090 1329 1391 2500
1730 2458 345 824
1232 1416 2188 2460
990 2845 2577 2549
3376 1478 878 398
1598 2093 2599 1735
1437 1599 3229 3315
2580 2578 1100 2579
2152 2580 2579 1099
644 2983 3209 165
1340 3210 1344 2109
1022 3285 3511 1499
3512 2982 3208 1498
1869 723 243 3228
3213 3133 2826 3506
1103 3479 2334 1868
1496 1228 2586 2589
2589 2586 1157 2587
2588 2589 2587 1156
1344 1073 651 171
2590 174 653 1374
2591 654 174 2590
3128 3135 665 185
2547 992 1548 2595
3289 1361 1079 2980
2890 3223 2649 1705
1919 2038 3855 3854
995 3299 996 1927
3842 3790 110 589
2382 3791 3841 3775
1317 1187 1736 2754
2331 3448 1889 2332
1253 1445 1842 1183
704 1692 2194 225
2939 1446 2602 1265
1386 224 703 3365
3528 3194 1382 1210
3455 3202 2526 2606
1979 794 314 2930
2945 1979 2930 966
2651 2894 2832 3590
1531 1530 90 569
2654 2607 3571 1153
1176 2717 3337 2052
1639 1640 1445 1253
2600 2129 3185 2938
2294 3476 11 490
3476 1012 2489 2610
3476 2610 491 11
491 2610 2489 12
1940 1941 1939 3282
2613 2115 1120 2611
3432 3031 283 762
1153 3571 1243 3568
1982 3200 3333 1448
2708 1089 2453 2781
2609 1627 1152 2133
3200 1511 3647 3333
3798 122 601 3797
3201 1907 1016 1752
3172 3800 3799 1026
2902 1026 3386 2470
1738 1731 1233 3576
1933 348 827 3560
1403 3561 2692 1972
2572 1972 2624 1780
1000 2625 2629 2628
2625 981 2626 2629
2629 2626 1186 2627
2628 2629 2627 1001
2493 2630 1018 1607
1675 2632 155 634
3243 1054 2383 2154
2118 1676 154 633
2738 1293 1083 1289
2633 2619 619 139
2694 2697 2696 3294
2562 1263 2821 2669
2637 2638 2636 1267
360 839 2640 2474
839 359 2100 2640
2474 2640 2639 1136
1181 2641 2643 2263
2641 1254 2642 2643
2600 2216 1692 1386
2078 2247 2601 3015
970 2644 2647 2646
1610 1611 3179 3049
2646 2647 2575 1135
3218 3639 187 666
2245 1077 3205 1139
1139 3205 1767 1729
2831 2716 87 566
2716 2469 567 87
2468 2609 2133 3569
3588 2615 2047 1407
1471 1217 3322 2657
3322 2876 2878 2875
3322 1217 3002 2876
1469 2658 2661 1211
1469 1211 2920 2918
2866 1427 3402 1279
2082 2664 1473 3489
1194 2530 847 367
2530 3298 368 847
3023 2819 2565 3443
2333 3293 720 240
1385 236 715 2001
2511 716 236 1385
1047 3403 2503 1043
1263 2671 2614 1197
3177 1513 3225 2863
1047 1043 3487 1789
972 2631 2346 3084
1789 3806 109 588
1236 1589 126 605
1589 1616 606 126
1874 2818 2838 2246
3443 2000 1144 2658
1356 1174 3022 3024
3093 3142 1339 1855
1333 2679 2681 2680
2679 1316 1671 2681
2681 1671 1398 2336
2680 2681 2336 1416
1383 2682 2685 2079
2682 1276 2683 2685
2685 2683 1275 2684
2079 2685 2684 1061
2892 1086 1695 1245
2789 1696 2627 1186
2686 950 470 2688
2633 3380 1027 2619
2965 2108 3374 2137
1264 3267 1653 1755
2690 3608 2517 3604
3381 3584 347 826
2624 1681 1310 1935
2732 2962 2960 1333
2692 2731 1818 1681
2784 3452 2990 1122
3629 2899 1215 3628
2694 1165 2695 2697
2697 2695 1156 2587
2696 2697 2587 1157
1394 2698 2702 2701
2698 1309 2699 2702
1674 2512 3189 1673
3484 3483 2702 2700
3644 1020 3419 1900
2087 1854 3434 2187
1021 1062 2071 2656
1091 1916 1053 1514
2307 1140 3067 1783
3104 3592 2651 2713
2132 2608 2714 1419
3037 3510 1327 3621
1902 3424 305 784
2990 3622 1896 1366
2608 3104 2713 2714
3104 1188 2052 3592
2717 572 92 3337
2616 1153 3568 3591
1627 2134 1531 1152
2781 2453 1090 1176
2133 1152 89 568
3593 3281 2130 3589
1203 3522 1628 3538
1961 3105 1286 2854
1039 2119 3080 3581
3361 3284 3548 3580
1689 2378 1867 2797
1311 3432 762 282
2298 764 284 3324
1543 2997 2998 3111
3843 2347 1013 3805
3823 3843 3805 3617
3830 3829 1824 1575
2381 2617 3083 3619
1300 1813 3413 1814
2374 2375 2373 2923
2723 2964 2729 1305
1060 350 829 3586
1059 3572 1232 2166
2691 349 828 3383
1512 2620 3196 1988
2542 1013 1616 1589
1013 2347 2107 1616
1014 2727 3122 3650
2898 3623 3630 2341
2711 1556 2989 1160
2341 3630 776 296
2509 3802 3801 1510
2634 1756 1753 2884
1752 1016 3267 1264
980 2741 2745 2744
2741 1185 2742 2745
2745 2742 981 2743
2812 2744 2745 2743
3141 2401 3317 2985
1615 3358 1372 3248
2747 3207 1066 2532
2519 1224 2026 2402
3493 3492 3133 3132
1393 1192 1475 1167
2751 1610 3049 2576
2752 1598 1735 973
1250 3186 1569 2446
1317 1283 2756 1187
3480 1065 2232 2755
1438 2975 2788 1538
3480 2755 795 315
795 2755 2232 316
1317 2754 1599 1437
2226 1222 1068 2259
1688 2958 3046 1035
3045 2952 2899 1166
1006 2253 3370 3394
1771 3405 1958 1770
2538 2066 2036 2594
2748 1394 2774 2882
3493 1547 3306 3492
991 2750 993 3112
1186 2626 2764 2763
2626 981 2742 2764
2764 2742 1185 2762
2763 2764 2762 1163
1288 2765 2766 2544
2765 1110 2112 2766
2766 2112 1109 1702
1274 2545 2546 2544
1101 2103 2769 2768
2103 1126 2767 2769
2769 2767 1034 1440
2768 2769 1440 1033
1080 2049 1596 3394
1405 3082 1500 2773
1362 2289 3371 2123
2124 203 682 3288
1190 2774 2777 2776
2774 1394 2701 2777
3484 1428 3257 3483
2776 2777 2775 1193
2837 2836 3151 1309
1633 1239 2750 991
3340 3152 2837 2574
3654 3653 2593 3354
1871 175 654 2591
1612 1880 3062 3654
2175 1664 2206 1663
2715 2707 2309 2706
2653 2306 2830 1147
2707 1409 2404 2309
2608 2131 1188 3104
2239 301 780 3627
2782 1315 2523 2785
3633 3625 2709 3037
1209 2737 2055 2056
1054 2117 2786 2384
2117 153 632 2786
2786 632 152 631
2384 2786 631 151
3087 807 327 2220
2975 2272 1532 2788
3865 3864 1924 2031
2039 2353 2030 3262
1695 467 946 1497
3377 1697 948 468
1447 1281 2192 1085
970 2790 2794 2793
2790 1165 2791 2794
2794 2791 971 2792
2793 2794 2792 969
3504 1866 2515 3503
2278 748 268 1128
1295 2723 1305 2730
1100 2798 2800 2579
2798 1117 2799 2800
2800 2799 1098 2125
2579 2800 2125 1099
1703 1410 3161 3326
2488 2612 3611 3217
1283 1306 1436 1703
2323 1335 2805 1304
1888 1852 2205 1851
1466 3342 2806 1303
3232 3397 3204 1775
3405 1984 1414 1958
1501 204 683 1355
1707 2229 2770 2228
3496 3495 3295 1519
3502 3501 2811 1519
2810 2811 2809 1259
1230 3494 2814 2203
2202 2954 2956 982
2203 2814 1045 3153
2335 1162 2407 2816
2407 475 2230 2816
3806 3842 589 109
1936 1539 3307 3350
1027 3380 1994 2169
2675 717 237 3197
2000 2257 2939 1144
1173 1426 3505 1205
1267 2636 2823 2822
3497 1321 3144 2560
3496 1464 2878 3495
3226 937 457 1202
940 460 2021 2022
1652 1220 3600 3226
1996 1467 3349 2008
1735 2599 3187 3261
2331 1112 2828 2829
2829 2828 1324 1553
1251 3449 1891 1553
2713 2651 3590 2833
2652 1419 1627 2609
2615 2614 2502 2047
3593 1299 1177 3281
3152 2844 2836 2837
2778 1178 2845 1192
2574 2698 1394 2748
1855 1339 2677 1998
1571 1763 2839 1508
3023 1469 3008 1357
2078 3015 2567 2963
2086 3149 3012 1182
3290 1506 2840 2660
2585 724 244 3440
1173 1104 2582 2842
2342 3131 2843 2668
2749 1488 1633 2835
3520 2433 2435 3519
1134 2751 2576 3150
2319 2768 2848 2320
3458 1905 426 905
2848 2768 1033 2846
2847 2848 2846 1032
1588 1351 928 448
2941 1235 1839 2275
1138 2909 3221 2276
2850 2851 2628 1001
2853 2859 1554 1142
1204 3361 3580 2173
3557 1076 1204 3534
2173 3580 3548 3532
1229 1502 3118 1481
1739 2557 3239 1740
1260 3545 1116 2721
3578 1629 1975 1976
3079 2552 1058 3551
1034 2767 2862 2861
2767 1126 2237 2862
2862 2237 1420 2860
2861 2862 2860 1342
2821 1484 1189 1326
3498 1326 2943 2304
1859 546 66 1645
2562 2670 2671 1263
1682 2948 2072 1853
2703 1353 2554 2867
1576 2087 2187 2703
1165 2694 2869 2791
2733 3499 3201 1727
2869 2637 1267 2868
2791 2869 2868 971
3491 3490 2873 2872
2870 1358 2871 2873
2873 2871 1241 1591
2872 2873 1591 1193
2454 2874 1090 2453
2338 2339 2211 1199
3281 1484 1197 2130
2338 1199 2874 2454
1172 1465 2811 2810
926 2704 3425 447
2878 2876 1159 2877
3495 2878 2877 1171
1279 1838 1826 2088
1535 1464 3273 3300
1454 2851 2849 1453
3322 2875 2880 2657
2827 2826 1239 2881
1541 1191 1488 2749
2835 2778 1192 1393
2171 1261 2017 3607
1824 3327 2885 1823
3307 2690 3604 1262
3181 1038 3527 3482
2721 1116 2149 2888
3537 3536 44 523
1008 1844 1404 2979
2890 1705 3126 2536
3223 1729 1004 2649
1447 2191 2686 1281
2299 1722 3266 2148
1086 947 467 1695
1722 1497 2689 3266
2308 93 572 2717
1152 1531 569 89
2894 91 570 2832
1188 2781 1176 2052
2309 2404 1140 2307
2653 1147 1916 1091
1782 1783 2708 2131
2897 1641 1379 2326
2326 1252 2012 2897
2897 2012 1328 2896
1007 3344 2095 3470
3037 2709 1365 3510
2440 299 778 3270
3051 1461 1169 3490
2054 1462 3623 2898
1157 2901 2903 2696
1823 2885 1760 1907
2696 2903 1517 3294
1517 2638 2637 3294
3340 1134 2310 3152
3050 2761 1168 1277
3150 3520 988 3516
1341 2182 2905 1685
2182 1123 2379 2905
1492 2057 3557 2174
3554 3551 3555 2151
1165 2790 2906 2695
2790 970 2646 2906
2906 2646 1135 1487
2695 2906 1487 1156
1325 2941 2275 1777
1138 2274 1776 2909
1325 2940 3254 2941
1195 1728 3206 2911
2911 961 2912 2913
2913 2912 1028 2531
2528 2390 2534 3466
1306 3245 3182 3486
1410 1809 2477 2476
254 733 2093 1598
2753 2915 2827 2997
1248 1504 2920 2919
1504 1175 2918 2920
2001 715 235 2676
2922 1690 3236 2803
1690 3364 2796 3236
2730 1305 1690 2922
2923 2373 2378 1689
1002 2924 2926 2925
1084 2813 2505 3467
2926 2743 981 2625
2925 2926 2625 1000
1094 2746 1665 2401
1256 1666 858 378
2003 2005 866 386
2005 1672 387 866
1064 311 790 967
2345 1536 1631 1717
1382 2931 309 788
2524 1210 308 787
3401 1369 647 167
2036 3126 1860 2648
1249 2568 2935 2934
1314 3043 1545 1106
2934 2935 1964 1107
1213 2569 2937 2919
2569 1249 2936 2937
1771 2196 1362 2123
2122 3288 1840 1354
2129 3365 1640 1639
1338 1570 2247 2078
2659 2661 2658 1144
1113 497 17 2274
1452 1000 2628 2851
1513 1053 1915 3225
2561 2563 2823 2636
1441 2561 2635 3102
2304 2943 1513 3177
3517 2311 881 401
2834 989 975 2844
2944 2506 2434 1719
2976 1918 329 808
2946 2233 1065 2945
1993 3244 304 783
971 2868 2947 1455
2868 1267 2822 2947
1171 2877 2947 2822
1455 2947 2877 1159
1019 1837 1588 1786
1837 3402 1351 1588
1062 932 452 2071
2948 2664 2558 2072
2412 2928 3446 3659
3355 1302 1179 2350
1572 2987 2426 3421
2950 3234 2700 3314
1172 1466 3273 1465
2940 1453 2879 3254
1172 1637 3342 1466
1400 2226 2259 965
1272 2390 2528 2665
2953 1728 3436 1857
2251 9 488 2201
2954 1226 2955 2956
2956 2955 1012 2295
3494 2815 2504 2814
2957 2994 2953 2993
1035 843 363 2227
1688 1035 2227 1137
2995 2225 2757 3045
2959 2962 2961 3305
2605 3231 3194 3528
3558 1679 2029 3415
2388 1738 3576 1298
1265 2938 1214 2659
1764 3392 710 230
2257 1874 2246 1570
3443 2565 3435 2000
3111 2998 1591 1241
1296 1950 2262 2921
3610 3230 2997 1543
2510 1261 2171 3318
2510 3318 618 138
1580 1752 1264 1010
3180 2722 2120 2887
2854 1286 1203 3553
2856 526 46 2857
2058 2888 1492 3539
2100 1036 2639 2640
1431 3357 1669 965
2995 1688 1137 2225
1163 2762 2971 1721
2762 1185 2970 2971
1799 1606 3096 3173
1721 2971 2408 1162
1129 1804 3409 3158
2096 2972 1803 2094
1643 3344 1007 1642
1641 1643 1642 1379
2973 1715 505 25
2973 1638 2806 3342
26 3447 1130 506
1164 1919 3854 3853
1801 1421 2234 2233
1926 3086 318 797
2787 806 326 2974
1980 2960 2962 2959
1980 3195 3238 2960
3017 792 312 1582
2368 2362 3530 3455
3429 1255 664 184
1004 1078 2891 2105
1861 2245 1139 1957
2254 2890 2536 1505
974 3147 2804 2803
3485 735 255 1268
1269 256 735 3485
3326 3161 1117 2798
3117 1806 3057 3058
3208 1805 164 1977
1584 1759 1494 1585
1192 2845 990 1475
2746 856 376 1665
2400 3141 2927 1830
2987 1256 378 857
3140 1095 3207 2747
3355 1572 3421 2986
3140 2747 2427 2949
2540 855 375 2984
3624 3632 2440 3620
1040 3038 3051 3052
1170 2340 1462 2054
3038 2736 1461 3051
1918 2330 809 329
1718 2978 3375 2367
3089 1318 1234 3176
2952 2968 1215 2899
2995 1458 1160 2758
3478 1420 2236 2996
2280 3478 420 899
3478 2996 900 420
900 2996 2236 421
2218 1485 3174 1486
2997 2827 2881 2998
2998 2881 1190 2776
3107 3108 2297 1331
1275 2683 3000 2999
2683 1276 1732 3000
1274 2999 3000 2545
3002 3269 1159 2876
2851 2850 999 2849
1155 3269 3002 3001
2461 2458 1730 3399
3003 1231 3004 3005
1537 3073 2316 1290
3573 3005 2961 3559
3346 1648 2289 1362
3006 2936 1249 2934
2428 3006 2934 1107
962 2988 3007 1430
1463 1170 2054 1724
3007 2872 1193 2775
3483 3257 1430 960
1174 3008 3010 3009
1469 2918 3010 3008
3010 2918 1175 1547
3492 3306 1549 993
3019 2371 697 217
2507 3012 215 694
1292 2086 1182 1482
961 1428 3014 2912
960 1430 3007 2775
3317 2540 2984 1095
3355 2350 1224 2519
1108 1764 230 709
225 2194 3343 705
2838 1571 1508 1145
2939 1338 2566 1446
3597 3059 3060 1835
1210 1382 788 308
1009 2352 3859 3086
1536 2606 1630 1631
3019 1292 3042 1506
3012 3149 695 215
1506 3042 3043 2840
1023 1242 3655 3054
3020 1229 1480 3021
3021 1480 1228 1495
3321 3227 1946 1017
1509 1855 1998 2241
1282 722 242 1206
3212 2157 3479 1103
1586 2001 2676 2820
3374 1590 1949 2016
3826 3825 2482 1011
3026 2901 1157 2586
1479 3026 2586 1228
1155 3027 3029 3269
3029 2792 971 1455
3029 3027 1127 3028
2792 3029 3028 969
1592 2802 3168 2386
2487 3032 760 280
3033 2613 2611 3030
3040 1312 3432 1311
1489 2040 84 563
1201 3564 80 559
2074 553 73 1620
1937 2074 1620 1619
3272 2341 296 775
3452 2349 3622 2990
3286 1208 2439 2348
3623 297 776 3630
3611 1270 1031 3610
3110 1849 3034 1745
3168 2387 1813 1300
1301 1592 2386 1544
3304 1314 2935 2568
1470 2661 2659 1214
3043 3042 1418 2450
3304 2840 3043 1314
2206 2591 2590 1662
2482 2739 1908 1293
1601 1821 2155 2136
3267 1988 1097 1653
1047 1789 588 108
3363 1857 365 844
2995 3045 1166 1458
2969 1037 1136 2639
1222 2101 1834 1068
2957 2989 962 2994
1669 1316 3047 3048
3048 3047 1315 2782
2968 3048 2782 1215
3260 1308 989 2834
1542 3113 1811 2311
3519 3518 2506 2944
3179 1611 983 3178
1788 2783 998 1209
1724 2054 2898 3378
1340 2109 3285 1022
1346 2520 1345 1785
1370 3055 3319 1369
3410 1347 3055 1370
1242 3276 1474 3655
2581 3116 2520 1346
646 166 3053 3514
3058 3321 2855 3020
1788 1209 2056 2239
2605 3528 2527 2525
1903 2527 2524 3456
2439 1895 3452 2784
2109 1344 171 650
2594 2036 2648 3069
3062 1657 1148 3061
1395 2780 2592 1343
999 1472 3275 2657
2850 1001 2687 3064
3064 2687 1150 3063
3489 1472 987 2312
2924 2812 2743 2926
982 2201 2252 2813
3066 2924 1002 3065
2954 3066 3065 1226
1089 3067 3068 2283
3067 1140 2410 3068
3068 2410 1087 1910
2283 3068 1910 1088
3412 2268 2269 1812
3518 3517 1540 2506
1005 3370 1412 1844
1080 3394 3370 1005
2066 2536 3126 2036
3521 1393 1167 2588
1318 3072 3073 1546
3072 1401 2316 3073
2931 1280 789 309
1537 3301 1546 3073
1375 1618 3074 2041
3567 1161 1618 1375
3074 1913 1147 2830
2041 3074 2830 1371
1127 3075 3076 3028
3075 1110 2765 3076
3076 2765 1288 1623
3028 3076 1623 969
435 1959 2255 915
1603 1359 2256 1960
915 2255 1593 436
1274 1595 3183 2999
3099 3078 1759 1584
2098 3054 2933 2207
1417 1374 653 173
3331 1663 2780 1395
3534 1204 2173 2904
3538 1628 2856 3284
2904 2173 3532 3550
2722 1685 2905 2120
1635 685 205 3214
2649 1004 2105 3437
2771 2772 1707 1246
1246 1646 1985 1984
2673 2734 1821 1601
3791 598 118 3841
2620 2360 2471 3196
3864 1925 2273 3863
804 324 803 3855
2526 3017 1582 3339
2039 3139 1928 2353
2573 2287 1390 1651
2500 1401 3072 3090
3090 3072 1318 3089
3348 3175 3241 2571
3598 1348 675 195
1775 3204 1769 1349
1769 3204 194 673
2760 197 676 1794
3023 1357 1999 1149
1999 2678 2208 2675
2819 2240 1509 2565
2565 1509 2241 3435
1847 3044 1158 3085
2145 1754 1352 1600
1575 1824 1823 3499
1052 2787 2974 2272
1439 995 1927 2352
3173 3096 3097 2539
1606 3153 1045 2437
2982 1585 1494 1024
2110 1218 3116 2250
3285 170 649 3511
3117 3021 1495 2521
2420 3100 3101 2421
1155 3001 3101 3100
3419 923 443 2421
2420 1899 1133 3100
1044 2359 2543 976
2561 2636 2638 2635
2562 2669 2864 3497
3083 1055 2734 2673
1200 1525 3103 1622
3297 1440 1034 1525
3103 2644 970 2793
1622 3103 2793 969
1299 2050 2306 2653
3571 1483 2468 1243
2130 1197 2614 2615
3593 2654 1153 2616
3525 3556 45 524
3556 2852 525 45
2905 2379 2143 2120
3523 3154 2809 1258
1424 2297 3108 2466
3138 2724 2612 2488
3613 763 283 3031
2466 3108 2611 1120
2724 1592 1301 2612
1850 2922 2803 2804
1746 1849 3110 3138
1746 3138 2488 3609
3340 3050 1277 3071
3340 2574 2748 3050
2549 2577 1549 992
1167 1496 2589 2588
989 396 875 975
3517 401 880 1540
1129 1641 2897 2896
1342 2860 3115 1609
2860 1420 2279 3115
3115 2279 984 3114
1609 3115 3114 983
3058 3057 3227 3321
3117 3058 3020 3021
3389 1876 3444 1877
2983 1381 2581 3209
3340 3071 2751 1134
1488 2881 1239 1633
1167 1475 3276 1496
2761 2882 1191 1541
1885 1884 3055 1347
3057 1389 1411 3227
3198 1011 2738 2023
2023 2738 1289 3171
1530 2832 570 90
2051 2132 1419 2652
3337 92 571 2895
3593 2616 2050 1299
3338 2058 3181 2059
1863 1118 1258 3501
3579 3540 1629 3578
41 2462 3524 521
1097 972 3084 1380
3784 3783 593 113
1948 2598 3137 1238
2598 1131 2634 3137
3025 3172 1026 2902
1294 2136 3783 3784
977 1575 3499 2733
1883 1885 2097 1218
3061 1148 2418 3125
3125 2418 1074 1953
1075 179 658 1952
2322 182 1880 2933
1957 1139 1729 3223
2538 2594 3128 1255
1334 1887 2323 1304
2810 1259 3129 3130
1637 3130 1376 2204
1130 2205 1716 1377
1239 2826 3133 2750
1103 1868 2342 3167
3440 244 723 1869
2577 3112 993 1549
2889 2980 2245 1861
3219 2035 183 662
3135 3069 2648 2037
1844 1412 1505 1404
1810 3136 994 1128
2797 1867 2377 2795
2796 2797 2795 994
994 2795 2278 1128
1907 1760 1512 1016
2623 3606 3618 2883
2118 2117 1054 3243
1301 1544 2217 1270
1031 1850 2804 2801
2998 2776 1193 1591
2487 280 759 2387
968 967 790 310
1532 1930 2038 1919
3861 3088 1009 2221
2985 3317 1095 3140
2949 2427 3014 3013
2426 377 856 2746
2985 3140 2949 1093
1072 2511 1385 1856
1211 2661 1470 1213
2818 2258 1571 2838
3093 1586 2820 3142
1150 2300 3143 3063
2300 464 943 3143
3143 943 463 2313
2312 987 2313 2314
1723 3270 2340 1170
1462 777 297 3623
3625 3624 3620 2709
2185 63 542 3145
1564 1989 964 2498
1434 3145 1320 3438
2499 3190 3199 1563
2914 1436 3147 974
1283 1703 3326 2756
3315 2917 1597 3251
1392 2847 3148 2464
2847 1032 1733 3148
3148 1733 1276 2682
2464 3148 2682 1383
1482 1182 3011 3235
3149 2089 216 695
3019 2085 2086 1292
2844 975 3151 2836
3071 2575 1610 2751
975 875 395 3151
3303 1435 877 397
2202 982 2813 1084
2814 2504 2436 1045
3467 2505 7 486
2201 488 8 2252
3539 1492 2174 2886
3284 2856 2857 3548
1287 3537 523 43
2413 3188 3332 3156
3242 2160 394 873
2700 2702 2699 3314
2164 2004 2159 1614
3508 3159 3179 3507
1221 3278 3159 3160
1105 2365 3162 2476
2365 1098 2799 3162
3162 2799 1117 3161
1335 2513 3164 2805
2274 17 496 1776
1839 3164 2513 2415
2805 3164 1534 1303
1868 2334 2583 1278
2583 2584 2343 3293
3211 3167 2209 1207
3506 1552 3308 3505
1691 2372 2375 2374
1746 3033 3030 1029
1745 3034 761 281
1746 3609 2218 3033
1127 3027 3170 3169
3269 3029 1455 1159
3170 3100 1133 2485
3169 3170 2485 1132
3778 3777 596 116
3805 1013 2542 3804
3249 2884 3777 3778
3781 3780 115 594
2161 3464 479 958
1799 2161 1184 1800
3464 3407 480 479
1121 1940 3174 1748
1486 3174 1940 3282
1939 2116 2115 3282
1748 3174 2871 1358
1231 3175 3176 3004
3348 2571 2573 1329
2961 3005 3004 3305
3004 3176 1234 3305
1049 3292 2318 1050
2562 1441 3102 2670
1441 2560 2563 2561
2303 1048 2564 2305
1610 2645 3184 1611
3507 3179 3178 1422
1115 1057 3106 2142
3551 1058 2858 3555
1564 2499 1563 1989
1990 1564 2498 1863
3147 3486 2801 2804
1703 1436 2914 1410
3315 3229 973 2917
1275 2999 3183 2684
1274 1702 3368 1595
3183 1595 1360 2140
2684 3183 2140 1061
2861 3184 2645 3263
2645 2647 2644 3263
1610 2575 2647 2645
1557 3521 2588 1156
1214 2938 3185 1507
1445 702 222 1842
705 3343 1832 226
1507 3185 2642 1254
1853 2705 1350 2186
2072 2558 1063 1577
3599 933 453 3360
2075 1471 1854 2087
1251 1552 3187 2599
3505 3308 1551 1205
3229 1268 2752 973
3789 3788 111 590
3802 2541 3431 3801
1994 3607 1713 2516
2841 1114 1894 2585
1278 2583 3293 2333
3213 1516 3132 3133
3165 2333 240 719
1673 3189 3439 1865
1672 1865 867 387
3157 1373 1198 2951
1179 2165 2005 2003
963 964 539 59
1862 1644 1119 3146
3438 1320 62 541
1991 1862 3146 1565
2496 3468 34 513
3192 2858 1058 2551
1358 2870 3193 1749
1169 3036 3193 2870
3193 3036 1366 2447
1749 3193 2447 1368
3627 780 300 3626
2606 2526 3339 1630
3299 2039 3262 996
2362 2992 1546 3301
3790 3789 590 110
3122 3648 2108 2965
3323 3387 2509 2740
1908 2508 3387 3323
1092 3555 2858 3481
2556 29 508 2557
1740 3239 28 507
1998 2677 1587 2258
2568 2570 1212 3304
1357 1356 2678 1999
1016 1512 1988 3267
3605 2170 150 629
2017 1071 2170 3605
3191 963 2463 3541
3313 543 63 2185
1118 3191 3541 2718
2184 1521 1285 3144
3044 3616 1751 1158
2674 128 607 1015
608 128 2674 3839
3084 2346 1014 3291
3528 1210 2524 2527
3455 3530 3529 3202
1980 2959 2992 2604
1981 793 313 2991
1355 683 203 2124
3641 1596 1504 1248
1247 1413 1706 1647
961 2911 3206 1429
2067 846 366 1529
2969 2639 1036 2376
1429 3206 2994 962
2402 2064 1396 2518
1829 854 374 2291
1369 3319 168 647
3321 1017 2424 2855
3513 1495 1228 1496
1785 1345 1784 3515
3512 1583 1585 2982
3099 1340 1022 3078
1524 2545 3000 1732
1524 1734 3297 1526
2644 3103 1525 3263
2972 3344 1643 3158
3160 1804 1129 2896
1221 3160 2896 3113
3131 3165 2156 2843
2209 2668 3024 3022
2210 2156 239 718
1426 3213 3506 3505
1647 1706 2122 2229
1634 1841 1413 1247
1648 2773 1634 2289
2290 2936 3006 1405
1003 3215 3216 1452
3215 1226 3065 3216
3216 3065 1002 2925
1452 3216 2925 1000
1270 2217 1850 1031
2802 3041 3032 2487
2217 2730 2922 1850
2757 2376 2226 1400
1035 3046 364 843
3279 842 362 1687
1769 673 193 3636
1767 190 669 1078
1729 1767 1078 1004
3639 2139 667 187
3080 2904 3550 1684
3220 3079 3551 3554
1629 3541 2463 1975
3105 3549 2719 1286
2037 2648 1860 3218
2414 20 499 3222
2908 2414 3222 3426
3594 500 20 2414
1839 1235 1534 3164
2310 2834 2844 3152
3071 1277 1135 2575
3219 662 182 2322
3070 2322 2933 2548
3232 3092 3598 3397
1006 3134 2889 2253
1281 1720 2892 2192
1245 1695 1497 1722
2191 2193 951 471
2893 2789 1186 2763
275 754 3224 755
754 274 2372 3224
3364 1689 2797 2796
755 3224 2261 276
1048 2863 3225 2564
3177 2863 1048 3292
1322 1049 1050 1859
3497 2864 1645 1321
1202 457 936 1656
987 3063 3143 2313
2663 2045 1997 1467
2083 2009 2559 1219
1784 1370 1369 3401
3078 2249 2110 1759
3117 3512 1498 1806
1242 3513 1496 3276
1278 2333 3165 3131
3479 1282 1206 2334
1205 1551 3233 3166
1187 2578 3186 1736
3182 2753 2997 3230
1599 3485 1268 3229
1317 3245 1306 1283
1544 1295 2730 2217
734 254 1598 2752
2778 991 3112 1178
3016 2605 2525 1901
2368 3455 2606 1536
3231 1718 2367 3194
2272 2974 1930 1532
2123 3371 2772 2771
3082 2428 1635 3214
2759 1775 1349 3395
2253 1793 1412 3370
1324 2828 3233 1551
2828 1112 2357 3233
3233 2357 1111 3166
1206 242 721 2584
1273 2518 1666 1256
960 2775 2777 2701
2987 857 377 2426
2855 1502 1229 3020
3800 1323 1750 3799
2855 2424 1018 2630
1378 2397 3235 2430
2085 2089 3149 2086
3019 217 696 2085
2430 3235 3011 1330
1030 3107 1331 3109
2728 1300 1814 1951
3236 2796 994 3136
2803 3236 3136 974
1719 2434 3376 1435
2433 3278 1221 2435
1541 2749 3521 1557
1316 2679 3238 3047
2679 1333 2960 3238
2604 2368 1536 2345
3195 1315 3047 3238
1367 510 30 2099
1056 2456 2556 2457
1092 1259 2151 3555
2719 48 527 3522
3336 3533 3537 1287
3532 3548 2857 2852
3552 2142 3543 2967
3562 2189 1680 1932
1329 2573 1651 1391
3241 3175 1231 3003
2028 1934 3575 3577
3358 2159 1882 2928
3847 1931 1830 3155
3300 3273 1534 1235
2907 1113 2274 1138
3085 1158 3200 1982
2623 2630 2493 2632
2623 2883 3118 1502
2524 787 307 3456
3059 2785 2523 3060
2473 3596 2710 2977
2977 2710 2472 3424
2915 2916 2825 2827
268 747 1810 1128
1187 2756 1100 2578
985 2494 3246 2179
1422 3178 3246 2494
3246 3178 983 3114
2179 3246 3114 984
1088 1909 3247 2284
1909 101 580 3247
3247 580 100 579
2284 3247 579 99
1615 3248 3157 3658
3659 3446 393 872
3248 1372 3850 3851
2004 3849 2006 1337
3779 3778 116 595
2483 2902 2470 2727
1754 1518 1025 1352
2541 2672 1848 3431
2995 2758 2958 1688
2259 2260 1431 965
1222 1036 2100 2101
1137 2227 3279 1037
1132 2484 3250 3169
2484 440 2113 3250
3250 2113 1110 3075
3169 3250 3075 1127
2981 3251 2915 2753
1736 3186 1250 1284
1569 1567 1708 2446
2845 1178 3112 2577
3293 2343 241 720
1894 245 724 2585
3009 3252 3022 1174
1953 1954 1075 1952
1955 1661 3353 3472
1660 3125 1953 1952
2907 1138 2276 2910
2942 18 497 1113
1777 2908 3426 3595
1384 3369 2481 2480
3255 1225 1704 2399
2942 3595 498 18
2909 1225 3253 3221
1226 3253 3256 2955
3255 1384 2490 3256
3255 2399 3369 1384
2955 3256 2490 1012
2702 3483 960 2701
1428 961 1429 3257
1430 3257 1429 962
1432 835 355 3258
2492 3258 355 834
1432 1431 356 835
1863 2498 3191 1118
3199 3438 541 61
1433 1321 1644 1862
3519 2435 1542 3518
2435 1221 3113 1542
1268 255 734 2752
2599 2093 3449 1251
3261 3187 2825 2916
1927 996 3857 3858
1801 2221 1926 1421
2596 978 1052 3095
1525 1034 2861 3263
3297 1734 1033 1440
1263 1197 1484 2821
2669 2821 1326 3498
67 1050 2318 547
1061 1442 3264 1443
1442 430 909 3264
1443 3264 909 429
2963 2567 2146 1444
1640 223 702 1445
1151 945 465 2147
1447 2335 2193 2191
2688 470 949 1697
3794 120 599 3793
3123 1238 1363 3500
3137 2634 2884 3249
3409 1803 2972 3158
414 893 3268 1451
893 413 1450 3268
1451 3268 1450 1143
1003 1452 2851 1454
2849 2880 2879 1453
1155 3100 3170 3027
1896 3622 773 293
1457 3621 1040 2711
3631 3272 775 295
37 516 3271 1460
516 36 1459 3271
1460 3271 1459 1141
2873 3490 1169 2870
2736 2784 1122 1461
1456 3631 295 774
1535 2875 2878 1464
1171 2822 2823 1520
2973 2204 1888 1715
2009 2082 3489 2312
2045 986 3351 1997
1220 2021 2084 3600
2920 1211 1213 2919
2880 2849 999 2657
3644 1576 1427 2866
1472 3064 3063 987
990 1474 3276 1475
3441 2521 1495 3513
2779 1023 3054 2098
2073 3283 2074 1937
2060 3565 2198 1332
3518 1542 2311 3517
3159 3278 3049 3179
2958 2993 3363 3046
1026 3799 3798 3386
1479 1228 1480 3280
1481 3280 1480 1229
1168 1557 1156 1487
218 3018 2090 698
3119 2307 1783 1782
2115 2613 1486 3282
1029 3030 3107 1030
1134 3150 3516 2310
2749 2835 1393 3521
2882 2774 1190 1191
1489 563 83 1742
3567 2073 1937 1161
3535 3554 2151 3154
3524 1287 43 522
1741 560 80 3564
1240 3384 1490 2060
1498 3208 1977 1388
3227 1411 3389 1946
3078 1022 1499 2249
2893 1244 2299 2789
1720 3377 1086 2892
2055 302 781 2056
1208 3509 1895 2439
1663 2206 1662 2780
2097 3410 1345 2520
2779 1579 3441 1023
1646 2228 680 200
1413 1355 2124 1706
2138 3070 2547 2595
1077 191 670 3205
1008 2979 3429 3127
2570 1470 1214 1212
1507 1254 3290 2660
2566 2963 1444 3265
2146 2567 228 707
3795 600 120 3794
1518 3650 1528 1025
2884 1753 3776 3777
2560 3144 1285 2563
3292 1048 2303 2318
1326 1189 1514 2943
1426 2344 1516 3213
2344 3211 1207 1516
3167 2342 2668 2209
2637 2869 2694 3294
1025 1528 2359 1044
2174 3557 3534 2119
3295 3495 1171 1520
1521 3295 1520 1285
385 864 3296 1523
864 384 1522 3296
1523 3296 1522 1224
1524 1526 2546 2545
1526 3297 1525 1200
1537 1290 1527 2597
1527 1291 2329 2597
3647 1600 2144 3488
1528 2965 2137 2359
3465 1271 371 850
1195 1529 3436 1728
3589 2130 2615 3588
2706 2309 2307 3119
3139 1164 3853 1928
2353 801 321 2030
1051 3301 1537 1581
1535 2879 2880 2875
3254 2879 1535 3300
1630 3339 2603 2978
2234 1421 317 796
3604 2517 2618 3603
3291 1014 3650 1518
3050 2748 2882 2761
1540 880 400 2455
3034 1311 282 761
3609 3039 1485 2218
3043 2450 1313 1545
2935 1314 1106 1964
1234 2992 2959 3305
1318 1546 2992 1234
3133 3492 993 2750
1547 1175 1548 3306
1549 3306 1548 992
2618 146 625 1297
2516 1713 149 628
1324 1551 3308 1553
3228 243 722 1282
1553 3308 1552 1251
1142 1554 3309 1555
1554 39 518 3309
1555 3309 518 38
1317 1437 2981 3245
2756 3326 2798 1100
303 782 3310 1558
3310 782 302 2055
1208 1724 3378 3509
54 533 3311 1560
533 53 1559 3311
1560 3311 1559 1123
1328 1561 3312 1562
1561 405 884 3312
1562 3312 884 404
1989 1563 540 60
2143 3531 2271 1686
2811 3501 1258 2809
1154 2165 1179 1302
1614 2159 3358 1615
3251 1597 2916 2915
1436 1306 3486 3147
2246 2838 1145 3316
2257 1570 1338 2939
2567 3015 708 228
2402 2026 1223 2064
3207 1829 2291 1066
1574 3243 2154 2621
1949 3794 3793 2817
1900 3419 2421 3101
2286 3599 3360 2865
1216 2071 452 931
1806 1920 1389 3057
2108 2024 1590 3374
3824 3823 3617 2739
2352 1927 3858 3859
1336 3087 2220 978
164 1805 2983 644
1024 1494 2250 1381
1357 3008 1174 1356
3402 1427 2076 1351
2850 3064 1472 999
3785 3784 113 592
2471 3645 3602 2631
1848 2672 125 604
3138 3110 3041 2724
1331 3324 3613 3109
1595 3368 1701 3325
1795 1397 1668 3077
1595 3325 1594 1360
1793 2254 1505 1412
3204 3397 674 194
1269 1284 736 256
3245 2981 2753 3182
3486 3182 3230 2801
3616 1227 2966 1751
3787 3786 112 591
434 913 3328 1603
913 433 1602 3328
1603 3328 1602 1359
181 660 3329 1605
660 180 1604 3329
1605 3329 1604 1074
1799 1800 2741 980
2970 2053 1693 2971
157 636 3330 1608
636 156 1607 3330
1608 3330 1607 1018
1611 3184 1609 983
3184 2861 1342 1609
1395 1343 1073 3657
3655 1474 2550 2548
3098 2098 2207 2176
1881 3659 872 392
2158 3155 2950 3314
3658 3157 2951 1864
1906 1727 1580 3094
2360 1257 3645 2471
3780 3779 595 115
1743 1240 1744 1699
2060 1490 1201 3565
2062 1698 1476 2224
1288 1621 3335 1623
1621 1200 1622 3335
1623 3335 1622 969
3079 2853 1142 2552
1686 2271 2720 2121
1096 2854 3553 1624
2895 571 91 2894
1419 2714 2134 1627
2469 3569 88 567
2852 2857 46 525
3545 3546 1625 1116
1631 1630 2978 1718
3375 3203 968 1280
2930 314 793 1981
1654 1125 621 141
2199 1632 148 627
3608 147 626 2517
3150 2576 2433 3520
1985 1646 200 679
1635 2428 2429 3341
206 3341 2429 686
1717 1631 1718 3231
1172 2810 3130 1637
3433 2457 1739 1716
3273 1466 1303 1534
1446 2195 2128 2602
1643 1641 1129 3158
3344 2972 2096 2095
1645 3345 1644 1321
1246 1707 2228 1646
1500 3427 1501 1841
1706 2124 3288 2122
1119 1649 3347 1650
1649 65 544 3347
1650 3347 544 64
3348 3089 3176 3175
3348 1329 3090 3089
2009 2312 2314 2559
3599 2008 454 933
2517 626 146 2618
986 1202 1656 3351
3351 1656 2044 2020
3614 2007 2663 1468
2537 1008 3127 2035
261 740 3352 1659
740 260 1658 3352
1659 3352 1658 1102
1613 176 655 3656
658 178 3472 1952
1612 3654 3354 2175
1661 1956 1613 3652
1073 1343 172 651
2519 2402 2518 1273
2400 1094 2401 3141
1397 1667 3356 1668
1667 438 917 3356
1668 3356 917 437
1316 1669 3357 1671
1669 3048 2968 965
1671 3357 1670 1398
3848 3847 3155 2158
1864 2951 391 870
3849 2699 1309 2006
1675 634 154 1676
1751 2966 2145 1511
220 699 3359 1678
699 219 1677 3359
1678 3359 1677 1181
1971 1680 823 343
3563 1932 340 819
2705 1021 2656 1350
2705 1577 2865 1021
2186 1350 1216 1578
1124 3482 2859 2853
2967 3543 40 519
3583 3544 3540 3579
2720 49 528 3549
3046 3363 844 364
2225 1137 1037 2969
2758 1160 2989 2957
2729 2923 1689 3364
2728 1951 1950 1296
2194 2128 2195 3343
1253 1183 2263 2643
2971 1693 1694 2408
2409 3366 476 955
1694 1693 477 956
1447 1085 1163 1721
1697 949 469 948
1447 1721 1162 2335
3334 1699 76 555
3567 1489 1742 2417
1698 562 82 1476
1109 1700 3368 1702
1700 1397 1701 3368
1960 2256 1387 1959
1567 2152 1102 1568
1567 1568 1709 1708
2399 1704 16 495
186 2037 3218 666
1793 1861 1957 2254
1078 669 189 2891
1405 3006 2428 3082
1841 1501 1355 1413
3081 2290 1648 3346
1709 738 258 1708
1709 3372 259 738
1875 3603 1969 1415
1414 1710 3373 1711
1710 199 678 3373
1711 3373 678 198
3796 121 600 3795
2144 2403 1266 3417
3607 2017 3605 1713
1377 1716 1739 1740
2973 25 504 1638
1715 3447 26 505
2603 1082 1064 3203
1280 968 310 789
2932 2345 1717 3016
2896 1328 2268 3113
2689 466 945 1151
1327 2348 2736 3038
1457 2711 1160 1458
2711 1040 3052 1556
1099 1725 3379 1726
1725 263 742 3379
1726 3379 742 262
1125 1712 142 621
3606 1675 1676 1574
2390 2391 2392 2534
2535 2163 1271 3465
2049 2595 1548 1175
3559 2961 2962 2732
1817 1935 818 338
2732 1333 2680 3572
1524 1732 3382 1734
1732 1276 1733 3382
3382 1733 1032 2846
1437 3315 3251 2981
2166 1232 2460 2389
3383 828 348 1933
3587 2028 1403 2243
1715 1888 1851 3447
2557 508 28 3239
1619 1620 2522 2354
2073 2061 1493 3283
1490 1741 3564 1201
1332 2198 557 77
3035 3277 2197 3384
1030 3109 3612 1312
2724 3041 2802 1592
3109 3613 3031 3612
1368 1747 3385 1749
1747 1121 1748 3385
1749 3385 1748 1358
1727 3201 1752 1580
2136 2155 3782 3783
2137 3374 2016 1822
3602 3025 2902 2483
1600 1352 2403 2144
1158 1751 1511 3200
1653 1097 1380 1227
3775 3841 118 597
1112 1757 3388 1758
1757 250 729 3388
1758 3388 729 249
2215 1411 1389 1922
1218 2097 2520 3116
3196 2471 2631 972
1010 1264 1755 2135
1424 1761 3391 1762
1761 286 765 3391
1762 3391 765 285
3392 2077 231 710
2258 1587 1763 1571
424 903 3393 1766
903 423 1765 3393
1766 3393 1765 1101
2138 1080 1005 2537
3641 1006 3394 1596
2196 2759 3395 3091
2650 3639 3218 1860
1120 1772 3396 1773
1772 288 767 3396
1773 3396 767 287
1794 676 196 2808
3092 2808 1348 3598
1774 677 197 2760
1408 21 500 3594
1776 496 16 1704
3163 3594 2414 2908
1398 1778 3398 1779
1778 354 833 3398
1779 3398 833 353
1233 3560 3584 3381
3574 3381 826 346
2572 1780 2287 2573
2655 1626 86 565
2042 2655 565 85
1090 2308 2717 1176
3514 3053 1785 3515
166 645 2248 3053
3053 2248 1346 1785
2187 3434 2948 1682
1825 3001 3002 1217
1838 1837 1019 1425
3270 778 298 2340
3622 2349 294 773
2503 2502 2614 2671
1043 2503 2671 2670
1790 3403 587 107
210 689 3404 1792
689 209 1791 3404
1792 3404 1791 1313
1770 1958 1774 2760
1958 1414 1711 1774
1387 1701 1397 1795
2380 530 50 3531
55 2181 1341 535
380 859 3406 1798
859 379 1797 3406
1798 3406 1797 1396
1800 1184 2053 2970
1799 980 3153 1606
2221 1009 3086 1926
3863 3862 3087 1336
1422 2494 2495 1819
1802 1143 1803 3409
3117 2521 1583 3512
1584 1585 1583 1579
1806 1498 1388 1920
331 810 3411 1808
810 330 1807 3411
1808 3411 1807 1291
2914 974 3136 1810
1809 1810 747 267
403 882 3412 1812
882 402 1811 3412
1296 2921 2964 2723
1813 279 758 3413
1814 3413 758 278
1409 1815 3414 1816
1815 105 584 3414
1816 3414 584 104
2028 3577 3561 1403
3587 2243 2571 3241
1780 1817 2288 2287
3416 3507 1422 1819
1819 416 895 3416
1820 3416 895 415
3499 1823 1907 3201
3839 2674 2347 3843
1983 1010 2135 3418
1423 1601 2136 1294
3500 1363 3779 3780
2543 1822 1131 2598
1351 2076 449 928
2076 1787 929 449
2867 2554 930 450
373 852 3420 1828
852 372 1827 3420
1828 3420 1827 1067
1093 2949 3013 3234
1095 2984 1829 3207
2146 1831 3422 1444
1831 227 706 3422
1832 3422 706 226
358 837 3423 1834
837 357 1833 3423
1834 3423 1833 1068
2056 781 301 2239
3597 1081 997 1836
3424 2472 785 305
3644 2075 2087 1576
1787 2867 450 929
1425 1019 3642 3643
2909 1776 1704 1225
2415 2513 2514 1408
1325 2942 1113 2907
3081 1248 2919 2937
3427 684 204 1501
2290 1405 2773 1648
1183 1842 3428 1843
1842 222 701 3428
1843 3428 701 221
3127 3429 184 663
1404 1505 2536 2066
2594 3069 3135 3128
473 952 3430 1846
952 472 1845 3430
3645 1573 3025 3602
3327 3198 2023 2885
1055 3417 3390 2734
2387 759 279 1813
506 1130 1377 27
2204 1376 1852 1888
1852 3433 1716 2205
1350 2656 2071 1216
1682 1853 2186 1353
1578 1216 931 451
1149 1999 2675 3197
2820 2676 235 714
3298 2529 848 368
845 365 1857 3436
3345 545 65 1649
3345 1645 66 545
3134 3289 2980 2889
1503 3638 668 188
2184 3144 1321 1433
3145 542 62 1320
1990 1863 3501 3502
1566 868 388 3439
3852 3849 2004 2164
2159 2004 1337 1882
2795 2377 2277 2278
272 1867 2378 752
1207 2209 3022 3252
2842 2582 2157 3212
2842 3212 3211 2344
2109 650 170 3285
3331 1395 3657 2176
3654 3062 3061 3653
1360 1872 3442 1873
1872 432 911 3442
1873 3442 911 431
1856 1385 2001 1586
2240 3093 1855 1509
2619 1027 1539 1936
1261 3302 1071 2017
3389 1411 2215 1876
1876 160 639 3444
1877 3444 639 159
1105 1878 3445 1879
1878 266 745 3445
1879 3445 745 265
1612 2175 1663 3331
1612 3331 2176 2207
1337 2006 1399 2160
3849 2158 3314 2699
3852 3848 2158 3849
1345 3410 1370 1784
2249 1883 1218 2110
167 646 3514 3401
1579 1583 2521 3441
1883 3287 1884 1885
3511 649 169 3056
1887 1886 2325 2323
1887 503 23 1886
2805 1303 2806 1304
1376 1714 3433 1852
1886 23 502 2325
252 731 3448 1890
731 251 1889 3448
1891 732 252 1890
1891 3449 253 732
247 3450 2370 727
1892 1893 1114 2369
1892 2369 2370 3450
246 725 3451 1893
725 245 1894 3451
1893 3451 1894 1114
1556 2988 962 2989
3052 3051 3490 3491
1365 1723 1170 1463
293 772 3453 1896
772 292 1897 3453
1896 3453 1897 1366
442 921 3454 1899
921 441 1898 3454
1899 3454 1898 1133
2420 922 442 1899
2866 1279 2088 1683
1576 2703 2867 1787
1636 1901 3060 2523
3339 1582 1082 2603
3202 2991 3017 2526
3456 307 786 3596
3597 1836 998 3059
3596 786 306 2710
1392 1904 3457 1905
1904 427 906 3457
1905 3457 906 426
2319 1766 1101 2768
2320 2848 2847 3458
3458 2847 1392 1905
3102 3487 1043 2670
1289 1083 1257 2360
3619 3083 2673 3124
3460 361 840 3459
3460 3459 2474 1136
2874 2452 2308 1090
3463 143 622 3462
3463 3462 1712 1415
3097 481 1 2539
3096 1046 2265 3097
1858 1827 372 851
2529 2665 2528 3466
2252 8 487 2200
2203 3153 980 2744
1069 512 32 2442
2496 513 33 2497
3470 411 890 3469
3470 3469 2478 1007
1955 3471 1956 1661
1956 3471 177 656
3474 214 693 3473
3474 3473 2431 1330
2294 2295 1012 3476
2294 3475 2296 2295
2280 899 419 3477
2280 3477 2281 2279
1356 3024 2667 2678
2157 3228 1282 3479
966 2930 1981 3529
3481 2444 2445 2443
3539 2886 1974 1038
3484 2700 3234 3013
3484 3013 3014 1428
1284 1250 257 736
973 1735 3261 2917
1238 3137 3249 1363
2214 3500 3780 3781
3489 1473 3275 1472
3491 2872 3007 2988
2349 1456 774 294
3493 3132 3252 3009
3493 3009 3010 1547
982 2956 2251 2201
1230 2202 1084 3494
3496 1519 2811 1465
3496 1465 3273 1464
2563 1285 1520 2823
3417 1266 1617 3390
3788 3787 591 111
3502 1519 3295 1521
964 1989 60 539
3504 3503 270 749
3504 749 269 2277
3506 2826 2827 2825
3506 2825 3187 1552
3508 1802 3409 1804
3508 1804 3160 3159
1381 2250 3116 2581
165 3209 2248 645
3054 3655 2548 2933
1759 2110 2250 1494
1884 1319 3319 3055
988 2944 1719 3237
3520 3519 2944 988
1308 3303 397 876
3260 3237 3303 1308
3516 988 3237 3260
2574 2837 1309 2698
1039 3581 1057 1115
3338 2721 2888 2058
2059 3181 3482 1124
3581 3080 1684 3240
3220 1124 2853 3079
3583 1260 2721 3338
3088 1439 2352 1009
2363 2946 2945 966
3530 2363 966 3529
2149 1096 1624 2057
1076 2150 3361 1204
1684 3550 3556 3525
3553 1203 3538 2150
2057 1624 1076 3557
3526 3362 1685 2722
1116 1625 1096 2149
3482 3527 3547 2859
3583 3121 3535 3544
2379 2380 3531 2143
3121 2059 1124 3220
2058 3539 1038 3181
2887 1686 2121 3582
3533 3240 3536 3537
2142 3106 3542 3543
2271 529 49 2720
3542 3106 3336 2462
3527 3552 2967 3547
3550 3532 2852 3556
1625 1961 2854 1096
1038 1974 3552 3527
2121 2720 3549 3105
3536 3525 524 44
1624 3553 2150 1076
3582 2121 3105 1961
3154 2151 1259 2809
1286 2719 3522 1203
3587 2190 1934 2028
1298 3576 3574 3585
1737 830 350 1060
3559 2732 3572 1059
1681 1818 3563 1310
3585 3574 346 825
2417 1742 1698 2062
3283 74 553 2074
1699 1744 556 76
959 2355 1914 1146
1177 1091 1514 1189
2235 2393 1409 2707
2714 2713 2833 2134
2712 2051 2652 1483
3576 1233 3381 3574
3560 827 347 3584
2731 3399 3562 1818
1934 1402 2242 3575
3587 3241 3003 1781
1780 2624 1935 1817
1491 3120 3526 2172
3579 3578 3120 1491
3546 3180 2887 3582
3545 2172 3180 3546
1260 1491 2172 3545
3583 3579 1491 1260
1781 3573 1679 3558
2459 3415 1060 3586
2190 3558 3415 2459
3587 1781 3558 2190
2132 1782 2131 2608
2051 3119 1782 2132
2712 2706 3119 2051
2607 2715 2706 2712
2654 1196 2715 2607
3593 3589 1196 2654
3163 2415 1408 3594
1325 1777 3595 2942
2473 1903 3456 3596
3597 1835 1903 2473
3641 3635 3134 1006
2824 1652 986 2045
1656 936 456 2044
3318 2633 139 618
2169 1994 2516 1632
1550 2510 138 617
3350 1654 141 620
2740 2509 1510 1573
1550 3302 1261 2510
3318 2171 3380 2633
1713 3605 629 149
3039 3111 1241 1485
3217 1543 3111 3039
3611 3610 1543 3217
3033 2218 1486 2613
3041 3110 1745 3032
1312 3612 3031 3432
3614 2083 2662 2007
3094 1580 1010 1983
2726 2817 3320 1756
1654 1262 1875 1125
1539 3615 2690 3307
1027 2169 3615 1539
2024 3796 3795 1590
3380 2171 3607 1994
1556 3052 3491 2988
3633 1457 1458 1166
3378 2898 2341 3272
3621 1327 3038 1040
3633 1166 2899 3629
2900 1788 2239 3627
2693 2783 1788 2900
3628 2785 2783 2693
1041 2900 3627 3626
1042 2693 2900 1041
3629 3628 2693 1042
3624 1041 3626 3632
3625 1042 1041 3624
3633 3629 1042 3625
3637 3081 3346 3091
3641 1248 3081 3637
2106 1349 1769 3636
1768 3395 1349 2106
3637 3091 3395 1768
3634 2106 3636 3640
3635 1768 2106 3634
3641 3637 1768 3635
1900 3101 3001 1825
2075 1825 1217 1471
3644 1900 1825 2075
1266 976 1948 1617
2155 2214 3781 3782
3431 1848 2010 1323
2885 2023 3171 1760
1380 3084 3291 1987
2010 1848 604 124
3651 1195 2911 2913
3653 3061 3125 1660
1612 2207 2933 1880
2593 3353 1661 3652
3653 1660 3353 2593
1885 1347 3410 2097
2175 3354 1870 1664
1198 1373 1406 1881
2160 1399 874 394
2213 2733 1727 1906
2725 977 2733 2213
3832 3831 977 2725
2735 1294 3784 3785
1237 1423 1294 2735
2361 3124 1423 1237
3649 3619 3124 2361
2622 2381 3619 3649
1449 1448 2381 2622
3660 1982 1448 1449
3661 3085 1982 3660
3662 1847 3085 3661
3663 3418 1847 3662
3664 1983 3418 3663
3665 3094 1983 3664
3666 1906 3094 3665
3667 2213 1906 3666
3668 2725 2213 3667
3833 3832 2725 3668
3669 2735 3785 3786
3670 1237 2735 3669
3671 2361 1237 3670
3672 3649 2361 3671
3673 2622 3649 3672
3674 1449 2622 3673
3675 3660 1449 3674
3676 3661 3660 3675
3677 3662 3661 3676
3678 3663 3662 3677
3679 3664 3663 3678
3680 3665 3664 3679
3681 3666 3665 3680
3682 3667 3666 3681
3683 3668 3667 3682
3834 3833 3668 3683
3684 3669 3786 3787
3685 3670 3669 3684
3686 3671 3670 3685
3687 3672 3671 3686
3688 3673 3672 3687
3689 3674 3673 3688
3690 3675 3674 3689
3691 3676 3675 3690
3692 3677 3676 3691
3693 3678 3677 3692
3694 3679 3678 3693
3695 3680 3679 3694
3696 3681 3680 3695
3697 3682 3681 3696
3698 3683 3682 3697
3835 3834 3683 3698
3699 3684 3787 3788
3700 3685 3684 3699
3701 3686 3685 3700
3702 3687 3686 3701
3703 3688 3687 3702
3704 3689 3688 3703
3705 3690 3689 3704
3706 3691 3690 3705
3707 3692 3691 3706
3708 3693 3692 3707
3709 3694 3693 3708
3710 3695 3694 3709
3711 3696 3695 3710
3712 3697 3696 3711
3713 3698 3697 3712
3836 3835 3698 3713
3714 3699 3788 3789
3715 3700 3699 3714
3716 3701 3700 3715
3717 3702 3701 3716
3718 3703 3702 3717
3719 3704 3703 3718
3720 3705 3704 3719
3721 3706 3705 3720
3722 3707 3706 3721
3723 3708 3707 3722
3724 3709 3708 3723
3725 3710 3709 3724
3726 3711 3710 3725
3727 3712 3711 3726
3728 3713 3712 3727
3837 3836 3713 3728
3729 3714 3789 3790
3730 3715 3714 3729
3731 3716 3715 3730
3732 3717 3716 3731
3733 3718 3717 3732
3734 3719 3718 3733
3735 3720 3719 3734
3736 3721 3720 3735
3737 3722 3721 3736
3738 3723 3722 3737
3739 3724 3723 3738
3740 3725 3724 3739
3741 3726 3725 3740
3742 3727 3726 3741
3743 3728 3727 3742
3838 3837 3728 3743
3807 3729 3790 3842
3808 3730 3729 3807
3809 3731 3730 3808
3810 3732 3731 3809
3811 3733 3732 3810
3812 3734 3733 3811
3813 3735 3734 3812
3814 3736 3735 3813
3815 3737 3736 3814
3816 3738 3737 3815
3817 3739 3738 3816
3818 3740 3739 3817
3819 3741 3740 3818
3820 3742 3741 3819
3821 3743 3742 3820
3844 3838 3743 3821
3744 3806 1789 3487
3807 3842 3806 3744
3745 3744 3487 3102
3808 3807 3744 3745
3746 3745 3102 2635
3809 3808 3745 3746
3747 3746 2635 2638
3810 3809 3746 3747
3748 3747 2638 1517
3811 3810 3747 3748
3749 3748 1517 2903
3812 3811 3748 3749
3750 3749 2903 2901
3813 3812 3749 3750
3751 3750 2901 3026
3814 3813 3750 3751
3752 3751 3026 1479
3815 3814 3751 3752
3753 3752 1479 3280
3816 3815 3752 3753
3754 3753 3280 1481
3817 3816 3753 3754
3755 3754 1481 3118
3818 3817 3754 3755
3756 3755 3118 2883
3819 3818 3755 3756
3757 3756 2883 3618
3820 3819 3756 3757
3758 3757 3618 2621
3821 3820 3757 3758
3822 3758 2621 2154
3844 3821 3758 3822
3822 2154 2383 1071
3844 3822 1071 3302
3840 1550 617 137
3844 3302 1550 3840
3759 129 608 3839
3760 609 129 3759
3761 130 609 3760
3762 610 130 3761
3763 131 610 3762
3764 611 131 3763
3765 132 611 3764
3766 612 132 3765
3767 133 612 3766
3768 613 133 3767
3769 134 613 3768
3770 614 134 3769
3771 135 614 3770
3772 615 135 3771
3773 136 615 3772
3774 616 136 3773
3840 137 616 3774
3823 3759 3839 3843
3824 3760 3759 3823
3825 3761 3760 3824
3826 3762 3761 3825
3827 3763 3762 3826
3828 3764 3763 3827
3829 3765 3764 3828
3830 3766 3765 3829
3831 3767 3766 3830
3832 3768 3767 3831
3833 3769 3768 3832
3834 3770 3769 3833
3835 3771 3770 3834
3836 3772 3771 3835
3837 3773 3772 3836
3838 3774 3773 3837
3844 3840 3774 3838
3846 2413 3156 3845
3852 2164 2413 3846
3845 389 868 1566
3846 3845 1566 2512
3852 3846 2512 1674
3847 1154 1302 1931
3848 1180 1154 3847
3852 1674 1180 3848
1924 1336 978 2596
3262 2030 3860 3856
2219 2596 3095 979
320 3856 3860 800
799 3857 3856 320
319 3858 3857 799
798 3859 3858 319
318 3086 3859 798
3299 1538 3139 2039
995 1438 1538 3299
1439 979 1438 995
3088 2219 979 1439
3861 2031 2219 3088
3866 3865 2031 3861
1 2 3 4 5 6 7 8 9 10 11 12 13 14 15 16 17 18 19 20 21 22 23 24 25 26 27 28 29 30 31 32 33 34 35 36 37 38 39 40 41 42 43 44 45 46 47 48 49 50 51 52 53 54 55 56 57 58 59 60 61 62 63 64 65 66 67 68 69 70 71 72 73 74 75 76 77 78 79 80 81 82 83 84 85 86 87 88 89 90 91 92 93 94 95 96 97 98 99 100 101 102 103 104 105 106 107 108 109 110 111 112 113 114 115 116 117 118 119 120 121 122 123 124 125 126 127 128 129 130 131 132 133 134 135 136 137 138 139 140 141 142 143 144 145 146 147 148 149 150 151 152 156 315 316 317 318 319 320 321 322 323 324 325 326 327 328 329 330 331 332 333 334 335 336 337 338 339 340 341 342 343 344 345 346 347 348 349 350 351 352 353 354 355 356 357 358 359 360 361 362 363 364 365 366 367 368 369 370 371 372 373 374 375 376 377 378 379 380 381 382 383 384 385 386 387 388 389 390 391 392 393 394 395 396 397 398 399 400 401 402 403 404 405 406 407 408 409 410 411 412 413 414 415 416 417 418 419 420 421 422 423 424 425 426 427 428 429 430 431 432 433 434 435 436 437 438 439 440 441 442 443 444 445 446 447 448 449 450 451 452 453 454 455 456 457 458 459 460 461 462 463 464 465 466 467 468 469 470 471 472 473 474 475 476 477 478 479 480 481 482 483 484 485 486 487 488 489 490 491 492 493 494 495 496 497 498 499 500 501 502 503 504 505 506 507 508 509 510 511 512 513 514 515 516 517 518 519 520 521 522 523 524 525 526 527 528 529 530 531 532 533 534 535 536 537 538 539 540 541 542 543 544 545 546 547 548 549 550 551 552 553 554 555 556 557 558 559 560 561 562 563 564 565 566 567 568 569 570 571 572 573 574 575 576 577 578 579 580 581 582 583 584 585 586 587 588 589 590 591 592 593 594 595 596 597 598 599 600 601 602 603 604 605 606 607 608 609 610 611 612 613 614 615 616 617 618 619 620 621 622 623 624 625 626 627 628 629 630 631 794 795 796 797 798 799 800 801 802 803 804 805 806 807 808 809 810 811 812 813 814 815 816 817 818 819 820 821 822 823 824 825 826 827 828 829 830 831 832 833 834 835 836 837 838 839 840 841 842 843 844 845 846 847 848 849 850 851 852 853 854 855 856 857 858 859 860 861 862 863 864 865 866 867 868 869 870 871 872 873 874 875 876 877 878 879 880 881 882 883 884 885 886 887 888 889 890 891 892 893 894 895 896 897 898 899 900 901 902 903 904 905 906 907 908 909 910 911 912 913 914 915 916 917 918 919 920 921 922 923 924 925 926 927 928 929 930 931 932 933 934 935 936 937 938 939 940 941 942 943 944 945 946 947 948 949 950 951 952 953 954 955 956 957 958
153 154 155 157 158 159 160 161 162 163 164 165 166 167 168 169 170 171 172 173 174 175 176 177 178 179 180 181 182 183 184 185 186 187 188 189 190 191 192 193 194 195 196 197 198 199 200 201 202 203 204 205 206 207 208 209 210 211 212 213 214 215 216 217 218 219 220 221 222 223 224 225 226 227 228 229 230 231 232 233 234 235 236 237 238 239 240 241 242 243 244 245 246 247 248 249 250 251 252 253 254 255 256 257 258 259 260 261 262 263 264 265 266 267 268 269 270 271 272 273 274 275 276 277 278 279 280 281 282 283 284 285 286 287 288 289 290 291 292 293 294 295 296 297 298 299 300 301 302 303 304 305 306 307 308 309 310 311 312 313 314 632 633 634 635 636 637 638 639 640 641 642 643 644 645 646 647 648 649 650 651 652 653 654 655 656 657 658 659 660 661 662 663 664 665 666 667 668 669 670 671 672 673 674 675 676 677 678 679 680 681 682 683 684 685 686 687 688 689 690 691 692 693 694 695 696 697 698 699 700 701 702 703 704 705 706 707 708 709 710 711 712 713 714 715 716 717 718 719 720 721 722 723 724 725 726 727 728 729 730 731 732 733 734 735 736 737 738 739 740 741 742 743 744 745 746 747 748 749 750 751 752 753 754 755 756 757 758 759 760 761 762 763 764 765 766 767 768 769 770 771 772 773 774 775 776 777 778 779 780 781 782 783 784 785 786 787 788 789 790 791 792 793
